scenario_index,fleet_size,connectivity,sync_interval_minutes,updates_per_display_day,conflict_bias,high_risk_update_share,runs_per_policy,manual_review_all_mean,domain_aware_manual_reviews_mean,manual_review_reduction_mean,manual_review_reduction_percent,last_write_wins_silent_overwrites_mean,domain_aware_silent_overwrites_mean,silent_overwrite_reduction_mean,silent_overwrite_reduction_percent,last_write_wins_high_risk_silent_overwrites_mean,domain_aware_high_risk_silent_overwrites_mean,domain_aware_zero_high_risk_silent_overwrites,domain_aware_not_more_manual_review_than_review_all
0,2,good,1,2,0.01,0.15,20,0.0,0.0,0.0,0.0,0.0,0.0,0.0,0.0,0.0,0.0,True,True
1,2,good,1,2,0.01,0.3,20,0.0,0.0,0.0,0.0,0.0,0.0,0.0,0.0,0.0,0.0,True,True
2,2,good,1,2,0.01,0.5,20,0.0,0.0,0.0,0.0,0.0,0.0,0.0,0.0,0.0,0.0,True,True
3,2,good,1,2,0.05,0.15,20,0.0,0.0,0.0,0.0,0.0,0.0,0.0,0.0,0.0,0.0,True,True
4,2,good,1,2,0.05,0.3,20,0.0,0.0,0.0,0.0,0.0,0.0,0.0,0.0,0.0,0.0,True,True
5,2,good,1,2,0.05,0.5,20,0.0,0.0,0.0,0.0,0.0,0.0,0.0,0.0,0.0,0.0,True,True
6,2,good,1,2,0.1,0.15,20,0.0,0.0,0.0,0.0,0.0,0.0,0.0,0.0,0.0,0.0,True,True
7,2,good,1,2,0.1,0.3,20,0.0,0.0,0.0,0.0,0.0,0.0,0.0,0.0,0.0,0.0,True,True
8,2,good,1,2,0.1,0.5,20,0.05,0.05,0.0,0.0,0.05,0.0,0.05,100.0,0.05,0.0,True,True
9,2,good,1,8,0.01,0.15,20,0.0,0.0,0.0,0.0,0.0,0.0,0.0,0.0,0.0,0.0,True,True
10,2,good,1,8,0.01,0.3,20,0.0,0.0,0.0,0.0,0.0,0.0,0.0,0.0,0.0,0.0,True,True
11,2,good,1,8,0.01,0.5,20,0.0,0.0,0.0,0.0,0.0,0.0,0.0,0.0,0.0,0.0,True,True
12,2,good,1,8,0.05,0.15,20,0.0,0.0,0.0,0.0,0.0,0.0,0.0,0.0,0.0,0.0,True,True
13,2,good,1,8,0.05,0.3,20,0.05,0.0,0.05,100.0,0.05,0.05,0.0,0.0,0.0,0.0,True,True
14,2,good,1,8,0.05,0.5,20,0.0,0.0,0.0,0.0,0.0,0.0,0.0,0.0,0.0,0.0,True,True
15,2,good,1,8,0.1,0.15,20,0.0,0.0,0.0,0.0,0.0,0.0,0.0,0.0,0.0,0.0,True,True
16,2,good,1,8,0.1,0.3,20,0.0,0.0,0.0,0.0,0.0,0.0,0.0,0.0,0.0,0.0,True,True
17,2,good,1,8,0.1,0.5,20,0.0,0.0,0.0,0.0,0.0,0.0,0.0,0.0,0.0,0.0,True,True
18,2,good,1,20,0.01,0.15,20,0.0,0.0,0.0,0.0,0.0,0.0,0.0,0.0,0.0,0.0,True,True
19,2,good,1,20,0.01,0.3,20,0.0,0.0,0.0,0.0,0.0,0.0,0.0,0.0,0.0,0.0,True,True
20,2,good,1,20,0.01,0.5,20,0.0,0.0,0.0,0.0,0.0,0.0,0.0,0.0,0.0,0.0,True,True
21,2,good,1,20,0.05,0.15,20,0.0,0.0,0.0,0.0,0.0,0.0,0.0,0.0,0.0,0.0,True,True
22,2,good,1,20,0.05,0.3,20,0.0,0.0,0.0,0.0,0.0,0.0,0.0,0.0,0.0,0.0,True,True
23,2,good,1,20,0.05,0.5,20,0.05,0.0,0.05,100.0,0.05,0.05,0.0,0.0,0.0,0.0,True,True
24,2,good,1,20,0.1,0.15,20,0.0,0.0,0.0,0.0,0.0,0.0,0.0,0.0,0.0,0.0,True,True
25,2,good,1,20,0.1,0.3,20,0.0,0.0,0.0,0.0,0.0,0.0,0.0,0.0,0.0,0.0,True,True
26,2,good,1,20,0.1,0.5,20,0.25,0.25,0.0,0.0,0.25,0.0,0.25,100.0,0.25,0.0,True,True
27,2,good,5,2,0.01,0.15,20,0.0,0.0,0.0,0.0,0.0,0.0,0.0,0.0,0.0,0.0,True,True
28,2,good,5,2,0.01,0.3,20,0.0,0.0,0.0,0.0,0.0,0.0,0.0,0.0,0.0,0.0,True,True
29,2,good,5,2,0.01,0.5,20,0.0,0.0,0.0,0.0,0.0,0.0,0.0,0.0,0.0,0.0,True,True
30,2,good,5,2,0.05,0.15,20,0.0,0.0,0.0,0.0,0.0,0.0,0.0,0.0,0.0,0.0,True,True
31,2,good,5,2,0.05,0.3,20,0.0,0.0,0.0,0.0,0.0,0.0,0.0,0.0,0.0,0.0,True,True
32,2,good,5,2,0.05,0.5,20,0.0,0.0,0.0,0.0,0.0,0.0,0.0,0.0,0.0,0.0,True,True
33,2,good,5,2,0.1,0.15,20,0.0,0.0,0.0,0.0,0.0,0.0,0.0,0.0,0.0,0.0,True,True
34,2,good,5,2,0.1,0.3,20,0.0,0.0,0.0,0.0,0.0,0.0,0.0,0.0,0.0,0.0,True,True
35,2,good,5,2,0.1,0.5,20,0.05,0.0,0.05,100.0,0.05,0.05,0.0,0.0,0.0,0.0,True,True
36,2,good,5,8,0.01,0.15,20,0.0,0.0,0.0,0.0,0.0,0.0,0.0,0.0,0.0,0.0,True,True
37,2,good,5,8,0.01,0.3,20,0.0,0.0,0.0,0.0,0.0,0.0,0.0,0.0,0.0,0.0,True,True
38,2,good,5,8,0.01,0.5,20,0.0,0.0,0.0,0.0,0.0,0.0,0.0,0.0,0.0,0.0,True,True
39,2,good,5,8,0.05,0.15,20,0.0,0.0,0.0,0.0,0.0,0.0,0.0,0.0,0.0,0.0,True,True
40,2,good,5,8,0.05,0.3,20,0.0,0.0,0.0,0.0,0.0,0.0,0.0,0.0,0.0,0.0,True,True
41,2,good,5,8,0.05,0.5,20,0.15,0.05,0.1,66.67,0.15,0.1,0.05,33.33,0.05,0.0,True,True
42,2,good,5,8,0.1,0.15,20,0.0,0.0,0.0,0.0,0.0,0.0,0.0,0.0,0.0,0.0,True,True
43,2,good,5,8,0.1,0.3,20,0.0,0.0,0.0,0.0,0.0,0.0,0.0,0.0,0.0,0.0,True,True
44,2,good,5,8,0.1,0.5,20,0.1,0.05,0.05,50.0,0.1,0.05,0.05,50.0,0.05,0.0,True,True
45,2,good,5,20,0.01,0.15,20,0.1,0.0,0.1,100.0,0.1,0.1,0.0,0.0,0.0,0.0,True,True
46,2,good,5,20,0.01,0.3,20,0.15,0.05,0.1,66.67,0.15,0.1,0.05,33.33,0.05,0.0,True,True
47,2,good,5,20,0.01,0.5,20,0.2,0.1,0.1,50.0,0.2,0.1,0.1,50.0,0.1,0.0,True,True
48,2,good,5,20,0.05,0.15,20,0.1,0.0,0.1,100.0,0.1,0.1,0.0,0.0,0.0,0.0,True,True
49,2,good,5,20,0.05,0.3,20,0.0,0.0,0.0,0.0,0.0,0.0,0.0,0.0,0.0,0.0,True,True
50,2,good,5,20,0.05,0.5,20,0.05,0.05,0.0,0.0,0.05,0.0,0.05,100.0,0.05,0.0,True,True
51,2,good,5,20,0.1,0.15,20,0.0,0.0,0.0,0.0,0.0,0.0,0.0,0.0,0.0,0.0,True,True
52,2,good,5,20,0.1,0.3,20,0.1,0.1,0.0,0.0,0.1,0.0,0.1,100.0,0.1,0.0,True,True
53,2,good,5,20,0.1,0.5,20,0.15,0.15,0.0,0.0,0.15,0.0,0.15,100.0,0.15,0.0,True,True
54,2,good,15,2,0.01,0.15,20,0.0,0.0,0.0,0.0,0.0,0.0,0.0,0.0,0.0,0.0,True,True
55,2,good,15,2,0.01,0.3,20,0.0,0.0,0.0,0.0,0.0,0.0,0.0,0.0,0.0,0.0,True,True
56,2,good,15,2,0.01,0.5,20,0.0,0.0,0.0,0.0,0.0,0.0,0.0,0.0,0.0,0.0,True,True
57,2,good,15,2,0.05,0.15,20,0.0,0.0,0.0,0.0,0.0,0.0,0.0,0.0,0.0,0.0,True,True
58,2,good,15,2,0.05,0.3,20,0.0,0.0,0.0,0.0,0.0,0.0,0.0,0.0,0.0,0.0,True,True
59,2,good,15,2,0.05,0.5,20,0.0,0.0,0.0,0.0,0.0,0.0,0.0,0.0,0.0,0.0,True,True
60,2,good,15,2,0.1,0.15,20,0.05,0.0,0.05,100.0,0.05,0.05,0.0,0.0,0.0,0.0,True,True
61,2,good,15,2,0.1,0.3,20,0.0,0.0,0.0,0.0,0.0,0.0,0.0,0.0,0.0,0.0,True,True
62,2,good,15,2,0.1,0.5,20,0.0,0.0,0.0,0.0,0.0,0.0,0.0,0.0,0.0,0.0,True,True
63,2,good,15,8,0.01,0.15,20,0.0,0.0,0.0,0.0,0.0,0.0,0.0,0.0,0.0,0.0,True,True
64,2,good,15,8,0.01,0.3,20,0.05,0.05,0.0,0.0,0.05,0.0,0.05,100.0,0.05,0.0,True,True
65,2,good,15,8,0.01,0.5,20,0.1,0.05,0.05,50.0,0.1,0.05,0.05,50.0,0.05,0.0,True,True
66,2,good,15,8,0.05,0.15,20,0.1,0.0,0.1,100.0,0.1,0.1,0.0,0.0,0.0,0.0,True,True
67,2,good,15,8,0.05,0.3,20,0.0,0.0,0.0,0.0,0.0,0.0,0.0,0.0,0.0,0.0,True,True
68,2,good,15,8,0.05,0.5,20,0.1,0.1,0.0,0.0,0.1,0.0,0.1,100.0,0.1,0.0,True,True
69,2,good,15,8,0.1,0.15,20,0.25,0.05,0.2,80.0,0.25,0.2,0.05,20.0,0.05,0.0,True,True
70,2,good,15,8,0.1,0.3,20,0.05,0.0,0.05,100.0,0.05,0.05,0.0,0.0,0.0,0.0,True,True
71,2,good,15,8,0.1,0.5,20,0.1,0.1,0.0,0.0,0.1,0.0,0.1,100.0,0.1,0.0,True,True
72,2,good,15,20,0.01,0.15,20,0.2,0.05,0.15,75.0,0.2,0.15,0.05,25.0,0.05,0.0,True,True
73,2,good,15,20,0.01,0.3,20,0.2,0.05,0.15,75.0,0.2,0.15,0.05,25.0,0.05,0.0,True,True
74,2,good,15,20,0.01,0.5,20,0.25,0.25,0.0,0.0,0.25,0.0,0.25,100.0,0.25,0.0,True,True
75,2,good,15,20,0.05,0.15,20,0.25,0.05,0.2,80.0,0.25,0.2,0.05,20.0,0.05,0.0,True,True
76,2,good,15,20,0.05,0.3,20,0.4,0.0,0.4,100.0,0.4,0.4,0.0,0.0,0.0,0.0,True,True
77,2,good,15,20,0.05,0.5,20,0.35,0.15,0.2,57.14,0.35,0.2,0.15,42.86,0.15,0.0,True,True
78,2,good,15,20,0.1,0.15,20,0.45,0.0,0.45,100.0,0.45,0.45,0.0,0.0,0.0,0.0,True,True
79,2,good,15,20,0.1,0.3,20,0.4,0.1,0.3,75.0,0.4,0.3,0.1,25.0,0.1,0.0,True,True
80,2,good,15,20,0.1,0.5,20,0.35,0.15,0.2,57.14,0.35,0.2,0.15,42.86,0.15,0.0,True,True
81,2,moderate,1,2,0.01,0.15,20,0.05,0.0,0.05,100.0,0.05,0.05,0.0,0.0,0.0,0.0,True,True
82,2,moderate,1,2,0.01,0.3,20,0.0,0.0,0.0,0.0,0.0,0.0,0.0,0.0,0.0,0.0,True,True
83,2,moderate,1,2,0.01,0.5,20,0.0,0.0,0.0,0.0,0.0,0.0,0.0,0.0,0.0,0.0,True,True
84,2,moderate,1,2,0.05,0.15,20,0.0,0.0,0.0,0.0,0.0,0.0,0.0,0.0,0.0,0.0,True,True
85,2,moderate,1,2,0.05,0.3,20,0.0,0.0,0.0,0.0,0.0,0.0,0.0,0.0,0.0,0.0,True,True
86,2,moderate,1,2,0.05,0.5,20,0.0,0.0,0.0,0.0,0.0,0.0,0.0,0.0,0.0,0.0,True,True
87,2,moderate,1,2,0.1,0.15,20,0.0,0.0,0.0,0.0,0.0,0.0,0.0,0.0,0.0,0.0,True,True
88,2,moderate,1,2,0.1,0.3,20,0.05,0.0,0.05,100.0,0.05,0.05,0.0,0.0,0.0,0.0,True,True
89,2,moderate,1,2,0.1,0.5,20,0.0,0.0,0.0,0.0,0.0,0.0,0.0,0.0,0.0,0.0,True,True
90,2,moderate,1,8,0.01,0.15,20,0.05,0.0,0.05,100.0,0.05,0.05,0.0,0.0,0.0,0.0,True,True
91,2,moderate,1,8,0.01,0.3,20,0.05,0.0,0.05,100.0,0.05,0.05,0.0,0.0,0.0,0.0,True,True
92,2,moderate,1,8,0.01,0.5,20,0.1,0.1,0.0,0.0,0.1,0.0,0.1,100.0,0.1,0.0,True,True
93,2,moderate,1,8,0.05,0.15,20,0.0,0.0,0.0,0.0,0.0,0.0,0.0,0.0,0.0,0.0,True,True
94,2,moderate,1,8,0.05,0.3,20,0.05,0.05,0.0,0.0,0.05,0.0,0.05,100.0,0.05,0.0,True,True
95,2,moderate,1,8,0.05,0.5,20,0.05,0.0,0.05,100.0,0.05,0.05,0.0,0.0,0.0,0.0,True,True
96,2,moderate,1,8,0.1,0.15,20,0.0,0.0,0.0,0.0,0.0,0.0,0.0,0.0,0.0,0.0,True,True
97,2,moderate,1,8,0.1,0.3,20,0.1,0.0,0.1,100.0,0.1,0.1,0.0,0.0,0.0,0.0,True,True
98,2,moderate,1,8,0.1,0.5,20,0.05,0.0,0.05,100.0,0.05,0.05,0.0,0.0,0.0,0.0,True,True
99,2,moderate,1,20,0.01,0.15,20,0.25,0.0,0.25,100.0,0.25,0.25,0.0,0.0,0.0,0.0,True,True
100,2,moderate,1,20,0.01,0.3,20,0.2,0.15,0.05,25.0,0.2,0.05,0.15,75.0,0.15,0.0,True,True
101,2,moderate,1,20,0.01,0.5,20,0.35,0.15,0.2,57.14,0.35,0.2,0.15,42.86,0.15,0.0,True,True
102,2,moderate,1,20,0.05,0.15,20,0.3,0.0,0.3,100.0,0.3,0.3,0.0,0.0,0.0,0.0,True,True
103,2,moderate,1,20,0.05,0.3,20,0.05,0.05,0.0,0.0,0.05,0.0,0.05,100.0,0.05,0.0,True,True
104,2,moderate,1,20,0.05,0.5,20,0.3,0.15,0.15,50.0,0.3,0.15,0.15,50.0,0.15,0.0,True,True
105,2,moderate,1,20,0.1,0.15,20,0.15,0.0,0.15,100.0,0.15,0.15,0.0,0.0,0.0,0.0,True,True
106,2,moderate,1,20,0.1,0.3,20,0.35,0.1,0.25,71.43,0.35,0.25,0.1,28.57,0.1,0.0,True,True
107,2,moderate,1,20,0.1,0.5,20,0.5,0.35,0.15,30.0,0.5,0.15,0.35,70.0,0.35,0.0,True,True
108,2,moderate,5,2,0.01,0.15,20,0.0,0.0,0.0,0.0,0.0,0.0,0.0,0.0,0.0,0.0,True,True
109,2,moderate,5,2,0.01,0.3,20,0.0,0.0,0.0,0.0,0.0,0.0,0.0,0.0,0.0,0.0,True,True
110,2,moderate,5,2,0.01,0.5,20,0.0,0.0,0.0,0.0,0.0,0.0,0.0,0.0,0.0,0.0,True,True
111,2,moderate,5,2,0.05,0.15,20,0.0,0.0,0.0,0.0,0.0,0.0,0.0,0.0,0.0,0.0,True,True
112,2,moderate,5,2,0.05,0.3,20,0.0,0.0,0.0,0.0,0.0,0.0,0.0,0.0,0.0,0.0,True,True
113,2,moderate,5,2,0.05,0.5,20,0.0,0.0,0.0,0.0,0.0,0.0,0.0,0.0,0.0,0.0,True,True
114,2,moderate,5,2,0.1,0.15,20,0.0,0.0,0.0,0.0,0.0,0.0,0.0,0.0,0.0,0.0,True,True
115,2,moderate,5,2,0.1,0.3,20,0.0,0.0,0.0,0.0,0.0,0.0,0.0,0.0,0.0,0.0,True,True
116,2,moderate,5,2,0.1,0.5,20,0.0,0.0,0.0,0.0,0.0,0.0,0.0,0.0,0.0,0.0,True,True
117,2,moderate,5,8,0.01,0.15,20,0.05,0.0,0.05,100.0,0.05,0.05,0.0,0.0,0.0,0.0,True,True
118,2,moderate,5,8,0.01,0.3,20,0.05,0.0,0.05,100.0,0.05,0.05,0.0,0.0,0.0,0.0,True,True
119,2,moderate,5,8,0.01,0.5,20,0.05,0.05,0.0,0.0,0.05,0.0,0.05,100.0,0.05,0.0,True,True
120,2,moderate,5,8,0.05,0.15,20,0.05,0.0,0.05,100.0,0.05,0.05,0.0,0.0,0.0,0.0,True,True
121,2,moderate,5,8,0.05,0.3,20,0.05,0.0,0.05,100.0,0.05,0.05,0.0,0.0,0.0,0.0,True,True
122,2,moderate,5,8,0.05,0.5,20,0.1,0.05,0.05,50.0,0.1,0.05,0.05,50.0,0.05,0.0,True,True
123,2,moderate,5,8,0.1,0.15,20,0.1,0.0,0.1,100.0,0.1,0.1,0.0,0.0,0.0,0.0,True,True
124,2,moderate,5,8,0.1,0.3,20,0.1,0.0,0.1,100.0,0.1,0.1,0.0,0.0,0.0,0.0,True,True
125,2,moderate,5,8,0.1,0.5,20,0.0,0.0,0.0,0.0,0.0,0.0,0.0,0.0,0.0,0.0,True,True
126,2,moderate,5,20,0.01,0.15,20,0.35,0.05,0.3,85.71,0.35,0.3,0.05,14.29,0.05,0.0,True,True
127,2,moderate,5,20,0.01,0.3,20,0.2,0.0,0.2,100.0,0.2,0.2,0.0,0.0,0.0,0.0,True,True
128,2,moderate,5,20,0.01,0.5,20,0.1,0.05,0.05,50.0,0.1,0.05,0.05,50.0,0.05,0.0,True,True
129,2,moderate,5,20,0.05,0.15,20,0.2,0.0,0.2,100.0,0.2,0.2,0.0,0.0,0.0,0.0,True,True
130,2,moderate,5,20,0.05,0.3,20,0.3,0.1,0.2,66.67,0.3,0.2,0.1,33.33,0.1,0.0,True,True
131,2,moderate,5,20,0.05,0.5,20,0.55,0.4,0.15,27.27,0.55,0.15,0.4,72.73,0.4,0.0,True,True
132,2,moderate,5,20,0.1,0.15,20,0.3,0.1,0.2,66.67,0.3,0.2,0.1,33.33,0.1,0.0,True,True
133,2,moderate,5,20,0.1,0.3,20,0.25,0.05,0.2,80.0,0.25,0.2,0.05,20.0,0.05,0.0,True,True
134,2,moderate,5,20,0.1,0.5,20,0.2,0.15,0.05,25.0,0.2,0.05,0.15,75.0,0.15,0.0,True,True
135,2,moderate,15,2,0.01,0.15,20,0.0,0.0,0.0,0.0,0.0,0.0,0.0,0.0,0.0,0.0,True,True
136,2,moderate,15,2,0.01,0.3,20,0.0,0.0,0.0,0.0,0.0,0.0,0.0,0.0,0.0,0.0,True,True
137,2,moderate,15,2,0.01,0.5,20,0.0,0.0,0.0,0.0,0.0,0.0,0.0,0.0,0.0,0.0,True,True
138,2,moderate,15,2,0.05,0.15,20,0.0,0.0,0.0,0.0,0.0,0.0,0.0,0.0,0.0,0.0,True,True
139,2,moderate,15,2,0.05,0.3,20,0.0,0.0,0.0,0.0,0.0,0.0,0.0,0.0,0.0,0.0,True,True
140,2,moderate,15,2,0.05,0.5,20,0.0,0.0,0.0,0.0,0.0,0.0,0.0,0.0,0.0,0.0,True,True
141,2,moderate,15,2,0.1,0.15,20,0.0,0.0,0.0,0.0,0.0,0.0,0.0,0.0,0.0,0.0,True,True
142,2,moderate,15,2,0.1,0.3,20,0.0,0.0,0.0,0.0,0.0,0.0,0.0,0.0,0.0,0.0,True,True
143,2,moderate,15,2,0.1,0.5,20,0.0,0.0,0.0,0.0,0.0,0.0,0.0,0.0,0.0,0.0,True,True
144,2,moderate,15,8,0.01,0.15,20,0.2,0.0,0.2,100.0,0.2,0.2,0.0,0.0,0.0,0.0,True,True
145,2,moderate,15,8,0.01,0.3,20,0.05,0.0,0.05,100.0,0.05,0.05,0.0,0.0,0.0,0.0,True,True
146,2,moderate,15,8,0.01,0.5,20,0.05,0.05,0.0,0.0,0.05,0.0,0.05,100.0,0.05,0.0,True,True
147,2,moderate,15,8,0.05,0.15,20,0.1,0.0,0.1,100.0,0.1,0.1,0.0,0.0,0.0,0.0,True,True
148,2,moderate,15,8,0.05,0.3,20,0.15,0.0,0.15,100.0,0.15,0.15,0.0,0.0,0.0,0.0,True,True
149,2,moderate,15,8,0.05,0.5,20,0.1,0.05,0.05,50.0,0.1,0.05,0.05,50.0,0.05,0.0,True,True
150,2,moderate,15,8,0.1,0.15,20,0.05,0.0,0.05,100.0,0.05,0.05,0.0,0.0,0.0,0.0,True,True
151,2,moderate,15,8,0.1,0.3,20,0.05,0.0,0.05,100.0,0.05,0.05,0.0,0.0,0.0,0.0,True,True
152,2,moderate,15,8,0.1,0.5,20,0.05,0.05,0.0,0.0,0.05,0.0,0.05,100.0,0.05,0.0,True,True
153,2,moderate,15,20,0.01,0.15,20,0.5,0.05,0.45,90.0,0.5,0.45,0.05,10.0,0.05,0.0,True,True
154,2,moderate,15,20,0.01,0.3,20,0.2,0.05,0.15,75.0,0.2,0.15,0.05,25.0,0.05,0.0,True,True
155,2,moderate,15,20,0.01,0.5,20,0.5,0.45,0.05,10.0,0.5,0.05,0.45,90.0,0.45,0.0,True,True
156,2,moderate,15,20,0.05,0.15,20,0.6,0.05,0.55,91.67,0.6,0.55,0.05,8.33,0.05,0.0,True,True
157,2,moderate,15,20,0.05,0.3,20,0.25,0.05,0.2,80.0,0.25,0.2,0.05,20.0,0.05,0.0,True,True
158,2,moderate,15,20,0.05,0.5,20,1.0,0.45,0.55,55.0,1.0,0.55,0.45,45.0,0.45,0.0,True,True
159,2,moderate,15,20,0.1,0.15,20,0.85,0.1,0.75,88.24,0.85,0.75,0.1,11.76,0.1,0.0,True,True
160,2,moderate,15,20,0.1,0.3,20,0.4,0.05,0.35,87.5,0.4,0.35,0.05,12.5,0.05,0.0,True,True
161,2,moderate,15,20,0.1,0.5,20,0.7,0.3,0.4,57.14,0.7,0.4,0.3,42.86,0.3,0.0,True,True
162,2,poor,1,2,0.01,0.15,20,0.0,0.0,0.0,0.0,0.0,0.0,0.0,0.0,0.0,0.0,True,True
163,2,poor,1,2,0.01,0.3,20,0.0,0.0,0.0,0.0,0.0,0.0,0.0,0.0,0.0,0.0,True,True
164,2,poor,1,2,0.01,0.5,20,0.0,0.0,0.0,0.0,0.0,0.0,0.0,0.0,0.0,0.0,True,True
165,2,poor,1,2,0.05,0.15,20,0.0,0.0,0.0,0.0,0.0,0.0,0.0,0.0,0.0,0.0,True,True
166,2,poor,1,2,0.05,0.3,20,0.05,0.05,0.0,0.0,0.05,0.0,0.05,100.0,0.05,0.0,True,True
167,2,poor,1,2,0.05,0.5,20,0.05,0.05,0.0,0.0,0.05,0.0,0.05,100.0,0.05,0.0,True,True
168,2,poor,1,2,0.1,0.15,20,0.0,0.0,0.0,0.0,0.0,0.0,0.0,0.0,0.0,0.0,True,True
169,2,poor,1,2,0.1,0.3,20,0.0,0.0,0.0,0.0,0.0,0.0,0.0,0.0,0.0,0.0,True,True
170,2,poor,1,2,0.1,0.5,20,0.0,0.0,0.0,0.0,0.0,0.0,0.0,0.0,0.0,0.0,True,True
171,2,poor,1,8,0.01,0.15,20,0.15,0.0,0.15,100.0,0.15,0.15,0.0,0.0,0.0,0.0,True,True
172,2,poor,1,8,0.01,0.3,20,0.15,0.05,0.1,66.67,0.15,0.1,0.05,33.33,0.05,0.0,True,True
173,2,poor,1,8,0.01,0.5,20,0.15,0.15,0.0,0.0,0.15,0.0,0.15,100.0,0.15,0.0,True,True
174,2,poor,1,8,0.05,0.15,20,0.15,0.05,0.1,66.67,0.15,0.1,0.05,33.33,0.05,0.0,True,True
175,2,poor,1,8,0.05,0.3,20,0.05,0.0,0.05,100.0,0.05,0.05,0.0,0.0,0.0,0.0,True,True
176,2,poor,1,8,0.05,0.5,20,0.05,0.0,0.05,100.0,0.05,0.05,0.0,0.0,0.0,0.0,True,True
177,2,poor,1,8,0.1,0.15,20,0.2,0.0,0.2,100.0,0.2,0.2,0.0,0.0,0.0,0.0,True,True
178,2,poor,1,8,0.1,0.3,20,0.1,0.05,0.05,50.0,0.1,0.05,0.05,50.0,0.05,0.0,True,True
179,2,poor,1,8,0.1,0.5,20,0.2,0.15,0.05,25.0,0.2,0.05,0.15,75.0,0.15,0.0,True,True
180,2,poor,1,20,0.01,0.15,20,0.5,0.05,0.45,90.0,0.5,0.45,0.05,10.0,0.05,0.0,True,True
181,2,poor,1,20,0.01,0.3,20,0.8,0.25,0.55,68.75,0.8,0.55,0.25,31.25,0.25,0.0,True,True
182,2,poor,1,20,0.01,0.5,20,0.5,0.4,0.1,20.0,0.5,0.1,0.4,80.0,0.4,0.0,True,True
183,2,poor,1,20,0.05,0.15,20,0.6,0.1,0.5,83.33,0.6,0.5,0.1,16.67,0.1,0.0,True,True
184,2,poor,1,20,0.05,0.3,20,0.75,0.15,0.6,80.0,0.75,0.6,0.15,20.0,0.15,0.0,True,True
185,2,poor,1,20,0.05,0.5,20,1.05,0.5,0.55,52.38,1.05,0.55,0.5,47.62,0.5,0.0,True,True
186,2,poor,1,20,0.1,0.15,20,0.7,0.1,0.6,85.71,0.7,0.6,0.1,14.29,0.1,0.0,True,True
187,2,poor,1,20,0.1,0.3,20,0.5,0.05,0.45,90.0,0.5,0.45,0.05,10.0,0.05,0.0,True,True
188,2,poor,1,20,0.1,0.5,20,0.85,0.55,0.3,35.29,0.85,0.3,0.55,64.71,0.55,0.0,True,True
189,2,poor,5,2,0.01,0.15,20,0.05,0.0,0.05,100.0,0.05,0.05,0.0,0.0,0.0,0.0,True,True
190,2,poor,5,2,0.01,0.3,20,0.0,0.0,0.0,0.0,0.0,0.0,0.0,0.0,0.0,0.0,True,True
191,2,poor,5,2,0.01,0.5,20,0.0,0.0,0.0,0.0,0.0,0.0,0.0,0.0,0.0,0.0,True,True
192,2,poor,5,2,0.05,0.15,20,0.0,0.0,0.0,0.0,0.0,0.0,0.0,0.0,0.0,0.0,True,True
193,2,poor,5,2,0.05,0.3,20,0.05,0.0,0.05,100.0,0.05,0.05,0.0,0.0,0.0,0.0,True,True
194,2,poor,5,2,0.05,0.5,20,0.05,0.0,0.05,100.0,0.05,0.05,0.0,0.0,0.0,0.0,True,True
195,2,poor,5,2,0.1,0.15,20,0.05,0.0,0.05,100.0,0.05,0.05,0.0,0.0,0.0,0.0,True,True
196,2,poor,5,2,0.1,0.3,20,0.0,0.0,0.0,0.0,0.0,0.0,0.0,0.0,0.0,0.0,True,True
197,2,poor,5,2,0.1,0.5,20,0.1,0.05,0.05,50.0,0.1,0.05,0.05,50.0,0.05,0.0,True,True
198,2,poor,5,8,0.01,0.15,20,0.1,0.0,0.1,100.0,0.1,0.1,0.0,0.0,0.0,0.0,True,True
199,2,poor,5,8,0.01,0.3,20,0.15,0.05,0.1,66.67,0.15,0.1,0.05,33.33,0.05,0.0,True,True
200,2,poor,5,8,0.01,0.5,20,0.1,0.05,0.05,50.0,0.1,0.05,0.05,50.0,0.05,0.0,True,True
201,2,poor,5,8,0.05,0.15,20,0.0,0.0,0.0,0.0,0.0,0.0,0.0,0.0,0.0,0.0,True,True
202,2,poor,5,8,0.05,0.3,20,0.25,0.15,0.1,40.0,0.25,0.1,0.15,60.0,0.15,0.0,True,True
203,2,poor,5,8,0.05,0.5,20,0.05,0.05,0.0,0.0,0.05,0.0,0.05,100.0,0.05,0.0,True,True
204,2,poor,5,8,0.1,0.15,20,0.0,0.0,0.0,0.0,0.0,0.0,0.0,0.0,0.0,0.0,True,True
205,2,poor,5,8,0.1,0.3,20,0.1,0.0,0.1,100.0,0.1,0.1,0.0,0.0,0.0,0.0,True,True
206,2,poor,5,8,0.1,0.5,20,0.1,0.05,0.05,50.0,0.1,0.05,0.05,50.0,0.05,0.0,True,True
207,2,poor,5,20,0.01,0.15,20,0.7,0.0,0.7,100.0,0.7,0.7,0.0,0.0,0.0,0.0,True,True
208,2,poor,5,20,0.01,0.3,20,0.55,0.05,0.5,90.91,0.55,0.5,0.05,9.09,0.05,0.0,True,True
209,2,poor,5,20,0.01,0.5,20,0.65,0.5,0.15,23.08,0.65,0.15,0.5,76.92,0.5,0.0,True,True
210,2,poor,5,20,0.05,0.15,20,0.65,0.05,0.6,92.31,0.65,0.6,0.05,7.69,0.05,0.0,True,True
211,2,poor,5,20,0.05,0.3,20,0.85,0.2,0.65,76.47,0.85,0.65,0.2,23.53,0.2,0.0,True,True
212,2,poor,5,20,0.05,0.5,20,0.85,0.4,0.45,52.94,0.85,0.45,0.4,47.06,0.4,0.0,True,True
213,2,poor,5,20,0.1,0.15,20,0.8,0.2,0.6,75.0,0.8,0.6,0.2,25.0,0.2,0.0,True,True
214,2,poor,5,20,0.1,0.3,20,0.95,0.35,0.6,63.16,0.95,0.6,0.35,36.84,0.35,0.0,True,True
215,2,poor,5,20,0.1,0.5,20,0.9,0.6,0.3,33.33,0.9,0.3,0.6,66.67,0.6,0.0,True,True
216,2,poor,15,2,0.01,0.15,20,0.0,0.0,0.0,0.0,0.0,0.0,0.0,0.0,0.0,0.0,True,True
217,2,poor,15,2,0.01,0.3,20,0.0,0.0,0.0,0.0,0.0,0.0,0.0,0.0,0.0,0.0,True,True
218,2,poor,15,2,0.01,0.5,20,0.05,0.05,0.0,0.0,0.05,0.0,0.05,100.0,0.05,0.0,True,True
219,2,poor,15,2,0.05,0.15,20,0.0,0.0,0.0,0.0,0.0,0.0,0.0,0.0,0.0,0.0,True,True
220,2,poor,15,2,0.05,0.3,20,0.05,0.05,0.0,0.0,0.05,0.0,0.05,100.0,0.05,0.0,True,True
221,2,poor,15,2,0.05,0.5,20,0.05,0.05,0.0,0.0,0.05,0.0,0.05,100.0,0.05,0.0,True,True
222,2,poor,15,2,0.1,0.15,20,0.0,0.0,0.0,0.0,0.0,0.0,0.0,0.0,0.0,0.0,True,True
223,2,poor,15,2,0.1,0.3,20,0.05,0.05,0.0,0.0,0.05,0.0,0.05,100.0,0.05,0.0,True,True
224,2,poor,15,2,0.1,0.5,20,0.15,0.15,0.0,0.0,0.15,0.0,0.15,100.0,0.15,0.0,True,True
225,2,poor,15,8,0.01,0.15,20,0.05,0.0,0.05,100.0,0.05,0.05,0.0,0.0,0.0,0.0,True,True
226,2,poor,15,8,0.01,0.3,20,0.2,0.1,0.1,50.0,0.2,0.1,0.1,50.0,0.1,0.0,True,True
227,2,poor,15,8,0.01,0.5,20,0.2,0.15,0.05,25.0,0.2,0.05,0.15,75.0,0.15,0.0,True,True
228,2,poor,15,8,0.05,0.15,20,0.25,0.0,0.25,100.0,0.25,0.25,0.0,0.0,0.0,0.0,True,True
229,2,poor,15,8,0.05,0.3,20,0.3,0.05,0.25,83.33,0.3,0.25,0.05,16.67,0.05,0.0,True,True
230,2,poor,15,8,0.05,0.5,20,0.2,0.1,0.1,50.0,0.2,0.1,0.1,50.0,0.1,0.0,True,True
231,2,poor,15,8,0.1,0.15,20,0.2,0.05,0.15,75.0,0.2,0.15,0.05,25.0,0.05,0.0,True,True
232,2,poor,15,8,0.1,0.3,20,0.25,0.05,0.2,80.0,0.25,0.2,0.05,20.0,0.05,0.0,True,True
233,2,poor,15,8,0.1,0.5,20,0.4,0.35,0.05,12.5,0.4,0.05,0.35,87.5,0.35,0.0,True,True
234,2,poor,15,20,0.01,0.15,20,1.55,0.05,1.5,96.77,1.55,1.5,0.05,3.23,0.05,0.0,True,True
235,2,poor,15,20,0.01,0.3,20,1.0,0.2,0.8,80.0,1.0,0.8,0.2,20.0,0.2,0.0,True,True
236,2,poor,15,20,0.01,0.5,20,1.05,0.9,0.15,14.29,1.05,0.15,0.9,85.71,0.9,0.0,True,True
237,2,poor,15,20,0.05,0.15,20,0.65,0.05,0.6,92.31,0.65,0.6,0.05,7.69,0.05,0.0,True,True
238,2,poor,15,20,0.05,0.3,20,0.9,0.35,0.55,61.11,0.9,0.55,0.35,38.89,0.35,0.0,True,True
239,2,poor,15,20,0.05,0.5,20,1.0,0.7,0.3,30.0,1.0,0.3,0.7,70.0,0.7,0.0,True,True
240,2,poor,15,20,0.1,0.15,20,0.8,0.0,0.8,100.0,0.8,0.8,0.0,0.0,0.0,0.0,True,True
241,2,poor,15,20,0.1,0.3,20,0.9,0.4,0.5,55.56,0.95,0.5,0.45,47.37,0.45,0.0,True,True
242,2,poor,15,20,0.1,0.5,20,1.45,1.1,0.35,24.14,1.45,0.35,1.1,75.86,1.1,0.0,True,True
243,5,good,1,2,0.01,0.15,20,0.0,0.0,0.0,0.0,0.0,0.0,0.0,0.0,0.0,0.0,True,True
244,5,good,1,2,0.01,0.3,20,0.05,0.0,0.05,100.0,0.05,0.05,0.0,0.0,0.0,0.0,True,True
245,5,good,1,2,0.01,0.5,20,0.0,0.0,0.0,0.0,0.0,0.0,0.0,0.0,0.0,0.0,True,True
246,5,good,1,2,0.05,0.15,20,0.05,0.05,0.0,0.0,0.05,0.0,0.05,100.0,0.05,0.0,True,True
247,5,good,1,2,0.05,0.3,20,0.0,0.0,0.0,0.0,0.0,0.0,0.0,0.0,0.0,0.0,True,True
248,5,good,1,2,0.05,0.5,20,0.0,0.0,0.0,0.0,0.0,0.0,0.0,0.0,0.0,0.0,True,True
249,5,good,1,2,0.1,0.15,20,0.0,0.0,0.0,0.0,0.0,0.0,0.0,0.0,0.0,0.0,True,True
250,5,good,1,2,0.1,0.3,20,0.0,0.0,0.0,0.0,0.0,0.0,0.0,0.0,0.0,0.0,True,True
251,5,good,1,2,0.1,0.5,20,0.0,0.0,0.0,0.0,0.0,0.0,0.0,0.0,0.0,0.0,True,True
252,5,good,1,8,0.01,0.15,20,0.0,0.0,0.0,0.0,0.0,0.0,0.0,0.0,0.0,0.0,True,True
253,5,good,1,8,0.01,0.3,20,0.05,0.0,0.05,100.0,0.05,0.05,0.0,0.0,0.0,0.0,True,True
254,5,good,1,8,0.01,0.5,20,0.0,0.0,0.0,0.0,0.0,0.0,0.0,0.0,0.0,0.0,True,True
255,5,good,1,8,0.05,0.15,20,0.05,0.0,0.05,100.0,0.05,0.05,0.0,0.0,0.0,0.0,True,True
256,5,good,1,8,0.05,0.3,20,0.0,0.0,0.0,0.0,0.0,0.0,0.0,0.0,0.0,0.0,True,True
257,5,good,1,8,0.05,0.5,20,0.0,0.0,0.0,0.0,0.0,0.0,0.0,0.0,0.0,0.0,True,True
258,5,good,1,8,0.1,0.15,20,0.05,0.0,0.05,100.0,0.05,0.05,0.0,0.0,0.0,0.0,True,True
259,5,good,1,8,0.1,0.3,20,0.1,0.0,0.1,100.0,0.1,0.1,0.0,0.0,0.0,0.0,True,True
260,5,good,1,8,0.1,0.5,20,0.15,0.1,0.05,33.33,0.15,0.05,0.1,66.67,0.1,0.0,True,True
261,5,good,1,20,0.01,0.15,20,0.15,0.0,0.15,100.0,0.15,0.15,0.0,0.0,0.0,0.0,True,True
262,5,good,1,20,0.01,0.3,20,0.15,0.05,0.1,66.67,0.15,0.1,0.05,33.33,0.05,0.0,True,True
263,5,good,1,20,0.01,0.5,20,0.05,0.0,0.05,100.0,0.05,0.05,0.0,0.0,0.0,0.0,True,True
264,5,good,1,20,0.05,0.15,20,0.2,0.0,0.2,100.0,0.2,0.2,0.0,0.0,0.0,0.0,True,True
265,5,good,1,20,0.05,0.3,20,0.25,0.0,0.25,100.0,0.25,0.25,0.0,0.0,0.0,0.0,True,True
266,5,good,1,20,0.05,0.5,20,0.2,0.15,0.05,25.0,0.2,0.05,0.15,75.0,0.15,0.0,True,True
267,5,good,1,20,0.1,0.15,20,0.1,0.0,0.1,100.0,0.1,0.1,0.0,0.0,0.0,0.0,True,True
268,5,good,1,20,0.1,0.3,20,0.2,0.1,0.1,50.0,0.2,0.1,0.1,50.0,0.1,0.0,True,True
269,5,good,1,20,0.1,0.5,20,0.2,0.1,0.1,50.0,0.2,0.1,0.1,50.0,0.1,0.0,True,True
270,5,good,5,2,0.01,0.15,20,0.0,0.0,0.0,0.0,0.0,0.0,0.0,0.0,0.0,0.0,True,True
271,5,good,5,2,0.01,0.3,20,0.0,0.0,0.0,0.0,0.0,0.0,0.0,0.0,0.0,0.0,True,True
272,5,good,5,2,0.01,0.5,20,0.0,0.0,0.0,0.0,0.0,0.0,0.0,0.0,0.0,0.0,True,True
273,5,good,5,2,0.05,0.15,20,0.0,0.0,0.0,0.0,0.0,0.0,0.0,0.0,0.0,0.0,True,True
274,5,good,5,2,0.05,0.3,20,0.05,0.0,0.05,100.0,0.05,0.05,0.0,0.0,0.0,0.0,True,True
275,5,good,5,2,0.05,0.5,20,0.05,0.0,0.05,100.0,0.05,0.05,0.0,0.0,0.0,0.0,True,True
276,5,good,5,2,0.1,0.15,20,0.0,0.0,0.0,0.0,0.0,0.0,0.0,0.0,0.0,0.0,True,True
277,5,good,5,2,0.1,0.3,20,0.0,0.0,0.0,0.0,0.0,0.0,0.0,0.0,0.0,0.0,True,True
278,5,good,5,2,0.1,0.5,20,0.0,0.0,0.0,0.0,0.0,0.0,0.0,0.0,0.0,0.0,True,True
279,5,good,5,8,0.01,0.15,20,0.1,0.0,0.1,100.0,0.1,0.1,0.0,0.0,0.0,0.0,True,True
280,5,good,5,8,0.01,0.3,20,0.1,0.0,0.1,100.0,0.1,0.1,0.0,0.0,0.0,0.0,True,True
281,5,good,5,8,0.01,0.5,20,0.3,0.15,0.15,50.0,0.3,0.15,0.15,50.0,0.15,0.0,True,True
282,5,good,5,8,0.05,0.15,20,0.15,0.0,0.15,100.0,0.15,0.15,0.0,0.0,0.0,0.0,True,True
283,5,good,5,8,0.05,0.3,20,0.2,0.0,0.2,100.0,0.2,0.2,0.0,0.0,0.0,0.0,True,True
284,5,good,5,8,0.05,0.5,20,0.25,0.2,0.05,20.0,0.25,0.05,0.2,80.0,0.2,0.0,True,True
285,5,good,5,8,0.1,0.15,20,0.1,0.05,0.05,50.0,0.1,0.05,0.05,50.0,0.05,0.0,True,True
286,5,good,5,8,0.1,0.3,20,0.3,0.05,0.25,83.33,0.3,0.25,0.05,16.67,0.05,0.0,True,True
287,5,good,5,8,0.1,0.5,20,0.1,0.05,0.05,50.0,0.1,0.05,0.05,50.0,0.05,0.0,True,True
288,5,good,5,20,0.01,0.15,20,0.75,0.05,0.7,93.33,0.75,0.7,0.05,6.67,0.05,0.0,True,True
289,5,good,5,20,0.01,0.3,20,0.85,0.05,0.8,94.12,0.85,0.8,0.05,5.88,0.05,0.0,True,True
290,5,good,5,20,0.01,0.5,20,0.8,0.5,0.3,37.5,0.8,0.3,0.5,62.5,0.5,0.0,True,True
291,5,good,5,20,0.05,0.15,20,1.05,0.1,0.95,90.48,1.05,0.95,0.1,9.52,0.1,0.0,True,True
292,5,good,5,20,0.05,0.3,20,0.4,0.3,0.1,25.0,0.4,0.1,0.3,75.0,0.3,0.0,True,True
293,5,good,5,20,0.05,0.5,20,1.0,0.85,0.15,15.0,1.0,0.15,0.85,85.0,0.85,0.0,True,True
294,5,good,5,20,0.1,0.15,20,0.65,0.05,0.6,92.31,0.65,0.6,0.05,7.69,0.05,0.0,True,True
295,5,good,5,20,0.1,0.3,20,1.0,0.25,0.75,75.0,1.0,0.75,0.25,25.0,0.25,0.0,True,True
296,5,good,5,20,0.1,0.5,20,1.15,0.9,0.25,21.74,1.15,0.25,0.9,78.26,0.9,0.0,True,True
297,5,good,15,2,0.01,0.15,20,0.05,0.0,0.05,100.0,0.05,0.05,0.0,0.0,0.0,0.0,True,True
298,5,good,15,2,0.01,0.3,20,0.0,0.0,0.0,0.0,0.0,0.0,0.0,0.0,0.0,0.0,True,True
299,5,good,15,2,0.01,0.5,20,0.05,0.05,0.0,0.0,0.05,0.0,0.05,100.0,0.05,0.0,True,True
300,5,good,15,2,0.05,0.15,20,0.05,0.0,0.05,100.0,0.05,0.05,0.0,0.0,0.0,0.0,True,True
301,5,good,15,2,0.05,0.3,20,0.0,0.0,0.0,0.0,0.0,0.0,0.0,0.0,0.0,0.0,True,True
302,5,good,15,2,0.05,0.5,20,0.0,0.0,0.0,0.0,0.0,0.0,0.0,0.0,0.0,0.0,True,True
303,5,good,15,2,0.1,0.15,20,0.2,0.0,0.2,100.0,0.2,0.2,0.0,0.0,0.0,0.0,True,True
304,5,good,15,2,0.1,0.3,20,0.05,0.0,0.05,100.0,0.05,0.05,0.0,0.0,0.0,0.0,True,True
305,5,good,15,2,0.1,0.5,20,0.0,0.0,0.0,0.0,0.0,0.0,0.0,0.0,0.0,0.0,True,True
306,5,good,15,8,0.01,0.15,20,0.35,0.05,0.3,85.71,0.35,0.3,0.05,14.29,0.05,0.0,True,True
307,5,good,15,8,0.01,0.3,20,0.45,0.0,0.45,100.0,0.45,0.45,0.0,0.0,0.0,0.0,True,True
308,5,good,15,8,0.01,0.5,20,0.45,0.3,0.15,33.33,0.45,0.15,0.3,66.67,0.3,0.0,True,True
309,5,good,15,8,0.05,0.15,20,0.75,0.05,0.7,93.33,0.8,0.75,0.05,6.25,0.05,0.0,True,True
310,5,good,15,8,0.05,0.3,20,0.7,0.15,0.55,78.57,0.7,0.55,0.15,21.43,0.15,0.0,True,True
311,5,good,15,8,0.05,0.5,20,0.45,0.4,0.05,11.11,0.45,0.05,0.4,88.89,0.4,0.0,True,True
312,5,good,15,8,0.1,0.15,20,0.7,0.05,0.65,92.86,0.7,0.65,0.05,7.14,0.05,0.0,True,True
313,5,good,15,8,0.1,0.3,20,0.2,0.0,0.2,100.0,0.2,0.2,0.0,0.0,0.0,0.0,True,True
314,5,good,15,8,0.1,0.5,20,0.7,0.45,0.25,35.71,0.7,0.25,0.45,64.29,0.45,0.0,True,True
315,5,good,15,20,0.01,0.15,20,2.25,0.2,2.05,91.11,2.25,2.05,0.2,8.89,0.2,0.0,True,True
316,5,good,15,20,0.01,0.3,20,2.45,0.65,1.8,73.47,2.45,1.8,0.65,26.53,0.65,0.0,True,True
317,5,good,15,20,0.01,0.5,20,2.55,1.75,0.8,31.37,2.55,0.8,1.75,68.63,1.75,0.0,True,True
318,5,good,15,20,0.05,0.15,20,2.65,0.25,2.4,90.57,2.65,2.4,0.25,9.43,0.25,0.0,True,True
319,5,good,15,20,0.05,0.3,20,2.3,1.2,1.1,47.83,2.3,1.1,1.2,52.17,1.2,0.0,True,True
320,5,good,15,20,0.05,0.5,20,2.95,1.85,1.1,37.29,2.95,1.1,1.85,62.71,1.85,0.0,True,True
321,5,good,15,20,0.1,0.15,20,2.7,0.3,2.4,88.89,2.7,2.4,0.3,11.11,0.3,0.0,True,True
322,5,good,15,20,0.1,0.3,20,2.8,0.95,1.85,66.07,2.8,1.85,0.95,33.93,0.95,0.0,True,True
323,5,good,15,20,0.1,0.5,20,2.95,2.15,0.8,27.12,2.95,0.8,2.15,72.88,2.15,0.0,True,True
324,5,moderate,1,2,0.01,0.15,20,0.0,0.0,0.0,0.0,0.0,0.0,0.0,0.0,0.0,0.0,True,True
325,5,moderate,1,2,0.01,0.3,20,0.0,0.0,0.0,0.0,0.0,0.0,0.0,0.0,0.0,0.0,True,True
326,5,moderate,1,2,0.01,0.5,20,0.0,0.0,0.0,0.0,0.0,0.0,0.0,0.0,0.0,0.0,True,True
327,5,moderate,1,2,0.05,0.15,20,0.0,0.0,0.0,0.0,0.0,0.0,0.0,0.0,0.0,0.0,True,True
328,5,moderate,1,2,0.05,0.3,20,0.0,0.0,0.0,0.0,0.0,0.0,0.0,0.0,0.0,0.0,True,True
329,5,moderate,1,2,0.05,0.5,20,0.1,0.05,0.05,50.0,0.1,0.05,0.05,50.0,0.05,0.0,True,True
330,5,moderate,1,2,0.1,0.15,20,0.0,0.0,0.0,0.0,0.0,0.0,0.0,0.0,0.0,0.0,True,True
331,5,moderate,1,2,0.1,0.3,20,0.0,0.0,0.0,0.0,0.0,0.0,0.0,0.0,0.0,0.0,True,True
332,5,moderate,1,2,0.1,0.5,20,0.0,0.0,0.0,0.0,0.0,0.0,0.0,0.0,0.0,0.0,True,True
333,5,moderate,1,8,0.01,0.15,20,0.15,0.0,0.15,100.0,0.2,0.2,0.0,0.0,0.0,0.0,True,True
334,5,moderate,1,8,0.01,0.3,20,0.25,0.0,0.25,100.0,0.25,0.25,0.0,0.0,0.0,0.0,True,True
335,5,moderate,1,8,0.01,0.5,20,0.25,0.1,0.15,60.0,0.25,0.15,0.1,40.0,0.1,0.0,True,True
336,5,moderate,1,8,0.05,0.15,20,0.35,0.1,0.25,71.43,0.35,0.25,0.1,28.57,0.1,0.0,True,True
337,5,moderate,1,8,0.05,0.3,20,0.25,0.1,0.15,60.0,0.25,0.15,0.1,40.0,0.1,0.0,True,True
338,5,moderate,1,8,0.05,0.5,20,0.5,0.35,0.15,30.0,0.5,0.15,0.35,70.0,0.35,0.0,True,True
339,5,moderate,1,8,0.1,0.15,20,0.3,0.05,0.25,83.33,0.3,0.25,0.05,16.67,0.05,0.0,True,True
340,5,moderate,1,8,0.1,0.3,20,0.15,0.0,0.15,100.0,0.15,0.15,0.0,0.0,0.0,0.0,True,True
341,5,moderate,1,8,0.1,0.5,20,0.3,0.25,0.05,16.67,0.3,0.05,0.25,83.33,0.25,0.0,True,True
342,5,moderate,1,20,0.01,0.15,20,1.25,0.25,1.0,80.0,1.25,1.0,0.25,20.0,0.25,0.0,True,True
343,5,moderate,1,20,0.01,0.3,20,1.75,0.5,1.25,71.43,1.75,1.25,0.5,28.57,0.5,0.0,True,True
344,5,moderate,1,20,0.01,0.5,20,1.75,1.2,0.55,31.43,1.75,0.55,1.2,68.57,1.2,0.0,True,True
345,5,moderate,1,20,0.05,0.15,20,1.7,0.05,1.65,97.06,1.7,1.65,0.05,2.94,0.05,0.0,True,True
346,5,moderate,1,20,0.05,0.3,20,1.65,0.4,1.25,75.76,1.65,1.25,0.4,24.24,0.4,0.0,True,True
347,5,moderate,1,20,0.05,0.5,20,1.75,1.4,0.35,20.0,1.75,0.35,1.4,80.0,1.4,0.0,True,True
348,5,moderate,1,20,0.1,0.15,20,1.65,0.15,1.5,90.91,1.65,1.5,0.15,9.09,0.15,0.0,True,True
349,5,moderate,1,20,0.1,0.3,20,1.55,0.45,1.1,70.97,1.55,1.1,0.45,29.03,0.45,0.0,True,True
350,5,moderate,1,20,0.1,0.5,20,2.05,1.25,0.8,39.02,2.05,0.8,1.25,60.98,1.25,0.0,True,True
351,5,moderate,5,2,0.01,0.15,20,0.0,0.0,0.0,0.0,0.0,0.0,0.0,0.0,0.0,0.0,True,True
352,5,moderate,5,2,0.01,0.3,20,0.0,0.0,0.0,0.0,0.0,0.0,0.0,0.0,0.0,0.0,True,True
353,5,moderate,5,2,0.01,0.5,20,0.0,0.0,0.0,0.0,0.0,0.0,0.0,0.0,0.0,0.0,True,True
354,5,moderate,5,2,0.05,0.15,20,0.0,0.0,0.0,0.0,0.0,0.0,0.0,0.0,0.0,0.0,True,True
355,5,moderate,5,2,0.05,0.3,20,0.05,0.05,0.0,0.0,0.05,0.0,0.05,100.0,0.05,0.0,True,True
356,5,moderate,5,2,0.05,0.5,20,0.05,0.0,0.05,100.0,0.05,0.05,0.0,0.0,0.0,0.0,True,True
357,5,moderate,5,2,0.1,0.15,20,0.0,0.0,0.0,0.0,0.0,0.0,0.0,0.0,0.0,0.0,True,True
358,5,moderate,5,2,0.1,0.3,20,0.0,0.0,0.0,0.0,0.0,0.0,0.0,0.0,0.0,0.0,True,True
359,5,moderate,5,2,0.1,0.5,20,0.05,0.0,0.05,100.0,0.05,0.05,0.0,0.0,0.0,0.0,True,True
360,5,moderate,5,8,0.01,0.15,20,0.25,0.05,0.2,80.0,0.25,0.2,0.05,20.0,0.05,0.0,True,True
361,5,moderate,5,8,0.01,0.3,20,0.2,0.0,0.2,100.0,0.2,0.2,0.0,0.0,0.0,0.0,True,True
362,5,moderate,5,8,0.01,0.5,20,0.4,0.2,0.2,50.0,0.4,0.2,0.2,50.0,0.2,0.0,True,True
363,5,moderate,5,8,0.05,0.15,20,0.3,0.0,0.3,100.0,0.3,0.3,0.0,0.0,0.0,0.0,True,True
364,5,moderate,5,8,0.05,0.3,20,0.55,0.3,0.25,45.45,0.55,0.25,0.3,54.55,0.3,0.0,True,True
365,5,moderate,5,8,0.05,0.5,20,0.6,0.3,0.3,50.0,0.6,0.3,0.3,50.0,0.3,0.0,True,True
366,5,moderate,5,8,0.1,0.15,20,0.45,0.1,0.35,77.78,0.45,0.35,0.1,22.22,0.1,0.0,True,True
367,5,moderate,5,8,0.1,0.3,20,0.35,0.05,0.3,85.71,0.35,0.3,0.05,14.29,0.05,0.0,True,True
368,5,moderate,5,8,0.1,0.5,20,0.3,0.15,0.15,50.0,0.3,0.15,0.15,50.0,0.15,0.0,True,True
369,5,moderate,5,20,0.01,0.15,20,2.35,0.0,2.35,100.0,2.35,2.35,0.0,0.0,0.0,0.0,True,True
370,5,moderate,5,20,0.01,0.3,20,2.1,0.95,1.15,54.76,2.1,1.15,0.95,45.24,0.95,0.0,True,True
371,5,moderate,5,20,0.01,0.5,20,2.15,1.55,0.6,27.91,2.15,0.6,1.55,72.09,1.55,0.0,True,True
372,5,moderate,5,20,0.05,0.15,20,1.85,0.2,1.65,89.19,1.85,1.65,0.2,10.81,0.2,0.0,True,True
373,5,moderate,5,20,0.05,0.3,20,1.8,0.35,1.45,80.56,1.8,1.45,0.35,19.44,0.35,0.0,True,True
374,5,moderate,5,20,0.05,0.5,20,3.05,2.3,0.75,24.59,3.05,0.75,2.3,75.41,2.3,0.0,True,True
375,5,moderate,5,20,0.1,0.15,20,2.9,0.25,2.65,91.38,2.9,2.65,0.25,8.62,0.25,0.0,True,True
376,5,moderate,5,20,0.1,0.3,20,1.8,0.7,1.1,61.11,1.8,1.1,0.7,38.89,0.7,0.0,True,True
377,5,moderate,5,20,0.1,0.5,20,2.1,1.3,0.8,38.1,2.1,0.8,1.3,61.9,1.3,0.0,True,True
378,5,moderate,15,2,0.01,0.15,20,0.1,0.0,0.1,100.0,0.1,0.1,0.0,0.0,0.0,0.0,True,True
379,5,moderate,15,2,0.01,0.3,20,0.05,0.0,0.05,100.0,0.05,0.05,0.0,0.0,0.0,0.0,True,True
380,5,moderate,15,2,0.01,0.5,20,0.0,0.0,0.0,0.0,0.0,0.0,0.0,0.0,0.0,0.0,True,True
381,5,moderate,15,2,0.05,0.15,20,0.3,0.05,0.25,83.33,0.3,0.25,0.05,16.67,0.05,0.0,True,True
382,5,moderate,15,2,0.05,0.3,20,0.0,0.0,0.0,0.0,0.0,0.0,0.0,0.0,0.0,0.0,True,True
383,5,moderate,15,2,0.05,0.5,20,0.1,0.05,0.05,50.0,0.1,0.05,0.05,50.0,0.05,0.0,True,True
384,5,moderate,15,2,0.1,0.15,20,0.05,0.0,0.05,100.0,0.05,0.05,0.0,0.0,0.0,0.0,True,True
385,5,moderate,15,2,0.1,0.3,20,0.0,0.0,0.0,0.0,0.0,0.0,0.0,0.0,0.0,0.0,True,True
386,5,moderate,15,2,0.1,0.5,20,0.2,0.1,0.1,50.0,0.2,0.1,0.1,50.0,0.1,0.0,True,True
387,5,moderate,15,8,0.01,0.15,20,0.8,0.1,0.7,87.5,0.8,0.7,0.1,12.5,0.1,0.0,True,True
388,5,moderate,15,8,0.01,0.3,20,0.3,0.1,0.2,66.67,0.3,0.2,0.1,33.33,0.1,0.0,True,True
389,5,moderate,15,8,0.01,0.5,20,1.05,0.8,0.25,23.81,1.05,0.25,0.8,76.19,0.8,0.0,True,True
390,5,moderate,15,8,0.05,0.15,20,0.8,0.05,0.75,93.75,0.8,0.75,0.05,6.25,0.05,0.0,True,True
391,5,moderate,15,8,0.05,0.3,20,0.8,0.15,0.65,81.25,0.8,0.65,0.15,18.75,0.15,0.0,True,True
392,5,moderate,15,8,0.05,0.5,20,0.9,0.6,0.3,33.33,0.9,0.3,0.6,66.67,0.6,0.0,True,True
393,5,moderate,15,8,0.1,0.15,20,0.85,0.05,0.8,94.12,0.85,0.8,0.05,5.88,0.05,0.0,True,True
394,5,moderate,15,8,0.1,0.3,20,0.5,0.15,0.35,70.0,0.5,0.35,0.15,30.0,0.15,0.0,True,True
395,5,moderate,15,8,0.1,0.5,20,0.8,0.6,0.2,25.0,0.8,0.2,0.6,75.0,0.6,0.0,True,True
396,5,moderate,15,20,0.01,0.15,20,4.15,0.3,3.85,92.77,4.2,3.9,0.3,7.14,0.3,0.0,True,True
397,5,moderate,15,20,0.01,0.3,20,3.95,1.2,2.75,69.62,3.95,2.75,1.2,30.38,1.2,0.0,True,True
398,5,moderate,15,20,0.01,0.5,20,4.9,3.65,1.25,25.51,4.9,1.25,3.65,74.49,3.65,0.0,True,True
399,5,moderate,15,20,0.05,0.15,20,3.7,0.25,3.45,93.24,3.7,3.45,0.25,6.76,0.25,0.0,True,True
400,5,moderate,15,20,0.05,0.3,20,3.25,1.05,2.2,67.69,3.25,2.2,1.05,32.31,1.05,0.0,True,True
401,5,moderate,15,20,0.05,0.5,20,4.4,2.8,1.6,36.36,4.4,1.6,2.8,63.64,2.8,0.0,True,True
402,5,moderate,15,20,0.1,0.15,20,4.25,0.15,4.1,96.47,4.25,4.1,0.15,3.53,0.15,0.0,True,True
403,5,moderate,15,20,0.1,0.3,20,3.65,1.35,2.3,63.01,3.75,2.4,1.35,36.0,1.35,0.0,True,True
404,5,moderate,15,20,0.1,0.5,20,4.35,2.85,1.5,34.48,4.4,1.5,2.9,65.91,2.9,0.0,True,True
405,5,poor,1,2,0.01,0.15,20,0.0,0.0,0.0,0.0,0.0,0.0,0.0,0.0,0.0,0.0,True,True
406,5,poor,1,2,0.01,0.3,20,0.0,0.0,0.0,0.0,0.0,0.0,0.0,0.0,0.0,0.0,True,True
407,5,poor,1,2,0.01,0.5,20,0.05,0.05,0.0,0.0,0.05,0.0,0.05,100.0,0.05,0.0,True,True
408,5,poor,1,2,0.05,0.15,20,0.05,0.0,0.05,100.0,0.05,0.05,0.0,0.0,0.0,0.0,True,True
409,5,poor,1,2,0.05,0.3,20,0.15,0.0,0.15,100.0,0.15,0.15,0.0,0.0,0.0,0.0,True,True
410,5,poor,1,2,0.05,0.5,20,0.1,0.1,0.0,0.0,0.1,0.0,0.1,100.0,0.1,0.0,True,True
411,5,poor,1,2,0.1,0.15,20,0.05,0.0,0.05,100.0,0.05,0.05,0.0,0.0,0.0,0.0,True,True
412,5,poor,1,2,0.1,0.3,20,0.05,0.05,0.0,0.0,0.05,0.0,0.05,100.0,0.05,0.0,True,True
413,5,poor,1,2,0.1,0.5,20,0.1,0.05,0.05,50.0,0.1,0.05,0.05,50.0,0.05,0.0,True,True
414,5,poor,1,8,0.01,0.15,20,1.1,0.1,1.0,90.91,1.1,1.0,0.1,9.09,0.1,0.0,True,True
415,5,poor,1,8,0.01,0.3,20,1.05,0.3,0.75,71.43,1.05,0.75,0.3,28.57,0.3,0.0,True,True
416,5,poor,1,8,0.01,0.5,20,1.1,0.7,0.4,36.36,1.1,0.4,0.7,63.64,0.7,0.0,True,True
417,5,poor,1,8,0.05,0.15,20,0.9,0.1,0.8,88.89,0.9,0.8,0.1,11.11,0.1,0.0,True,True
418,5,poor,1,8,0.05,0.3,20,1.15,0.3,0.85,73.91,1.15,0.85,0.3,26.09,0.3,0.0,True,True
419,5,poor,1,8,0.05,0.5,20,1.5,1.05,0.45,30.0,1.5,0.45,1.05,70.0,1.05,0.0,True,True
420,5,poor,1,8,0.1,0.15,20,0.85,0.05,0.8,94.12,0.85,0.8,0.05,5.88,0.05,0.0,True,True
421,5,poor,1,8,0.1,0.3,20,1.15,0.35,0.8,69.57,1.15,0.8,0.35,30.43,0.35,0.0,True,True
422,5,poor,1,8,0.1,0.5,20,1.05,0.7,0.35,33.33,1.05,0.35,0.7,66.67,0.7,0.0,True,True
423,5,poor,1,20,0.01,0.15,20,3.9,0.1,3.8,97.44,3.9,3.8,0.1,2.56,0.1,0.0,True,True
424,5,poor,1,20,0.01,0.3,20,4.4,1.2,3.2,72.73,4.4,3.2,1.2,27.27,1.2,0.0,True,True
425,5,poor,1,20,0.01,0.5,20,6.1,4.05,2.05,33.61,6.1,2.05,4.05,66.39,4.05,0.0,True,True
426,5,poor,1,20,0.05,0.15,20,4.9,0.35,4.55,92.86,4.95,4.6,0.35,7.07,0.35,0.0,True,True
427,5,poor,1,20,0.05,0.3,20,4.15,1.3,2.85,68.67,4.15,2.85,1.3,31.33,1.3,0.0,True,True
428,5,poor,1,20,0.05,0.5,20,5.2,3.2,2.0,38.46,5.2,2.0,3.2,61.54,3.2,0.0,True,True
429,5,poor,1,20,0.1,0.15,20,6.05,0.4,5.65,93.39,6.05,5.65,0.4,6.61,0.4,0.0,True,True
430,5,poor,1,20,0.1,0.3,20,5.55,1.2,4.35,78.38,5.55,4.35,1.2,21.62,1.2,0.0,True,True
431,5,poor,1,20,0.1,0.5,20,5.15,3.5,1.65,32.04,5.15,1.65,3.5,67.96,3.5,0.0,True,True
432,5,poor,5,2,0.01,0.15,20,0.2,0.0,0.2,100.0,0.2,0.2,0.0,0.0,0.0,0.0,True,True
433,5,poor,5,2,0.01,0.3,20,0.05,0.0,0.05,100.0,0.05,0.05,0.0,0.0,0.0,0.0,True,True
434,5,poor,5,2,0.01,0.5,20,0.05,0.0,0.05,100.0,0.05,0.05,0.0,0.0,0.0,0.0,True,True
435,5,poor,5,2,0.05,0.15,20,0.1,0.0,0.1,100.0,0.1,0.1,0.0,0.0,0.0,0.0,True,True
436,5,poor,5,2,0.05,0.3,20,0.0,0.0,0.0,0.0,0.0,0.0,0.0,0.0,0.0,0.0,True,True
437,5,poor,5,2,0.05,0.5,20,0.25,0.15,0.1,40.0,0.25,0.1,0.15,60.0,0.15,0.0,True,True
438,5,poor,5,2,0.1,0.15,20,0.2,0.0,0.2,100.0,0.2,0.2,0.0,0.0,0.0,0.0,True,True
439,5,poor,5,2,0.1,0.3,20,0.05,0.0,0.05,100.0,0.05,0.05,0.0,0.0,0.0,0.0,True,True
440,5,poor,5,2,0.1,0.5,20,0.3,0.3,0.0,0.0,0.3,0.0,0.3,100.0,0.3,0.0,True,True
441,5,poor,5,8,0.01,0.15,20,1.1,0.1,1.0,90.91,1.1,1.0,0.1,9.09,0.1,0.0,True,True
442,5,poor,5,8,0.01,0.3,20,1.1,0.35,0.75,68.18,1.1,0.75,0.35,31.82,0.35,0.0,True,True
443,5,poor,5,8,0.01,0.5,20,1.35,0.75,0.6,44.44,1.35,0.6,0.75,55.56,0.75,0.0,True,True
444,5,poor,5,8,0.05,0.15,20,1.55,0.0,1.55,100.0,1.55,1.55,0.0,0.0,0.0,0.0,True,True
445,5,poor,5,8,0.05,0.3,20,0.8,0.1,0.7,87.5,0.8,0.7,0.1,12.5,0.1,0.0,True,True
446,5,poor,5,8,0.05,0.5,20,1.15,0.85,0.3,26.09,1.15,0.3,0.85,73.91,0.85,0.0,True,True
447,5,poor,5,8,0.1,0.15,20,1.2,0.1,1.1,91.67,1.2,1.1,0.1,8.33,0.1,0.0,True,True
448,5,poor,5,8,0.1,0.3,20,0.95,0.25,0.7,73.68,0.95,0.7,0.25,26.32,0.25,0.0,True,True
449,5,poor,5,8,0.1,0.5,20,1.2,0.65,0.55,45.83,1.2,0.55,0.65,54.17,0.65,0.0,True,True
450,5,poor,5,20,0.01,0.15,20,6.75,0.5,6.25,92.59,6.75,6.25,0.5,7.41,0.5,0.0,True,True
451,5,poor,5,20,0.01,0.3,20,4.65,1.6,3.05,65.59,4.65,3.05,1.6,34.41,1.6,0.0,True,True
452,5,poor,5,20,0.01,0.5,20,6.3,3.7,2.6,41.27,6.3,2.6,3.7,58.73,3.7,0.0,True,True
453,5,poor,5,20,0.05,0.15,20,5.1,0.4,4.7,92.16,5.15,4.7,0.45,8.74,0.45,0.0,True,True
454,5,poor,5,20,0.05,0.3,20,6.0,1.8,4.2,70.0,6.0,4.2,1.8,30.0,1.8,0.0,True,True
455,5,poor,5,20,0.05,0.5,20,5.5,3.85,1.65,30.0,5.5,1.65,3.85,70.0,3.85,0.0,True,True
456,5,poor,5,20,0.1,0.15,20,7.15,0.4,6.75,94.41,7.15,6.75,0.4,5.59,0.4,0.0,True,True
457,5,poor,5,20,0.1,0.3,20,5.85,1.5,4.35,74.36,5.85,4.35,1.5,25.64,1.5,0.0,True,True
458,5,poor,5,20,0.1,0.5,20,6.15,4.45,1.7,27.64,6.2,1.7,4.5,72.58,4.5,0.0,True,True
459,5,poor,15,2,0.01,0.15,20,0.1,0.05,0.05,50.0,0.1,0.05,0.05,50.0,0.05,0.0,True,True
460,5,poor,15,2,0.01,0.3,20,0.0,0.0,0.0,0.0,0.0,0.0,0.0,0.0,0.0,0.0,True,True
461,5,poor,15,2,0.01,0.5,20,0.2,0.1,0.1,50.0,0.2,0.1,0.1,50.0,0.1,0.0,True,True
462,5,poor,15,2,0.05,0.15,20,0.05,0.0,0.05,100.0,0.05,0.05,0.0,0.0,0.0,0.0,True,True
463,5,poor,15,2,0.05,0.3,20,0.2,0.05,0.15,75.0,0.2,0.15,0.05,25.0,0.05,0.0,True,True
464,5,poor,15,2,0.05,0.5,20,0.2,0.05,0.15,75.0,0.2,0.15,0.05,25.0,0.05,0.0,True,True
465,5,poor,15,2,0.1,0.15,20,0.15,0.0,0.15,100.0,0.15,0.15,0.0,0.0,0.0,0.0,True,True
466,5,poor,15,2,0.1,0.3,20,0.1,0.05,0.05,50.0,0.1,0.05,0.05,50.0,0.05,0.0,True,True
467,5,poor,15,2,0.1,0.5,20,0.35,0.2,0.15,42.86,0.35,0.15,0.2,57.14,0.2,0.0,True,True
468,5,poor,15,8,0.01,0.15,20,0.95,0.0,0.95,100.0,0.95,0.95,0.0,0.0,0.0,0.0,True,True
469,5,poor,15,8,0.01,0.3,20,1.15,0.4,0.75,65.22,1.15,0.75,0.4,34.78,0.4,0.0,True,True
470,5,poor,15,8,0.01,0.5,20,1.6,1.2,0.4,25.0,1.6,0.4,1.2,75.0,1.2,0.0,True,True
471,5,poor,15,8,0.05,0.15,20,1.6,0.1,1.5,93.75,1.6,1.5,0.1,6.25,0.1,0.0,True,True
472,5,poor,15,8,0.05,0.3,20,1.2,0.35,0.85,70.83,1.2,0.85,0.35,29.17,0.35,0.0,True,True
473,5,poor,15,8,0.05,0.5,20,1.95,1.15,0.8,41.03,2.0,0.85,1.15,57.5,1.15,0.0,True,True
474,5,poor,15,8,0.1,0.15,20,1.6,0.3,1.3,81.25,1.6,1.3,0.3,18.75,0.3,0.0,True,True
475,5,poor,15,8,0.1,0.3,20,1.4,0.4,1.0,71.43,1.4,1.0,0.4,28.57,0.4,0.0,True,True
476,5,poor,15,8,0.1,0.5,20,1.35,0.75,0.6,44.44,1.35,0.6,0.75,55.56,0.75,0.0,True,True
477,5,poor,15,20,0.01,0.15,20,7.9,0.5,7.4,93.67,8.0,7.5,0.5,6.25,0.5,0.0,True,True
478,5,poor,15,20,0.01,0.3,20,6.55,2.1,4.45,67.94,6.55,4.45,2.1,32.06,2.1,0.0,True,True
479,5,poor,15,20,0.01,0.5,20,6.7,3.95,2.75,41.04,6.8,2.8,4.0,58.82,4.0,0.0,True,True
480,5,poor,15,20,0.05,0.15,20,7.25,0.5,6.75,93.1,7.25,6.75,0.5,6.9,0.5,0.0,True,True
481,5,poor,15,20,0.05,0.3,20,8.0,2.35,5.65,70.62,8.05,5.7,2.35,29.19,2.35,0.0,True,True
482,5,poor,15,20,0.05,0.5,20,8.45,5.85,2.6,30.77,8.5,2.6,5.9,69.41,5.9,0.0,True,True
483,5,poor,15,20,0.1,0.15,20,7.5,0.7,6.8,90.67,7.5,6.8,0.7,9.33,0.7,0.0,True,True
484,5,poor,15,20,0.1,0.3,20,7.65,2.1,5.55,72.55,7.75,5.65,2.1,27.1,2.1,0.0,True,True
485,5,poor,15,20,0.1,0.5,20,8.2,5.5,2.7,32.93,8.35,2.75,5.6,67.07,5.6,0.0,True,True
486,10,good,1,2,0.01,0.15,20,0.0,0.0,0.0,0.0,0.0,0.0,0.0,0.0,0.0,0.0,True,True
487,10,good,1,2,0.01,0.3,20,0.0,0.0,0.0,0.0,0.0,0.0,0.0,0.0,0.0,0.0,True,True
488,10,good,1,2,0.01,0.5,20,0.0,0.0,0.0,0.0,0.0,0.0,0.0,0.0,0.0,0.0,True,True
489,10,good,1,2,0.05,0.15,20,0.0,0.0,0.0,0.0,0.0,0.0,0.0,0.0,0.0,0.0,True,True
490,10,good,1,2,0.05,0.3,20,0.0,0.0,0.0,0.0,0.0,0.0,0.0,0.0,0.0,0.0,True,True
491,10,good,1,2,0.05,0.5,20,0.0,0.0,0.0,0.0,0.0,0.0,0.0,0.0,0.0,0.0,True,True
492,10,good,1,2,0.1,0.15,20,0.0,0.0,0.0,0.0,0.0,0.0,0.0,0.0,0.0,0.0,True,True
493,10,good,1,2,0.1,0.3,20,0.0,0.0,0.0,0.0,0.0,0.0,0.0,0.0,0.0,0.0,True,True
494,10,good,1,2,0.1,0.5,20,0.05,0.05,0.0,0.0,0.05,0.0,0.05,100.0,0.05,0.0,True,True
495,10,good,1,8,0.01,0.15,20,0.15,0.0,0.15,100.0,0.15,0.15,0.0,0.0,0.0,0.0,True,True
496,10,good,1,8,0.01,0.3,20,0.05,0.05,0.0,0.0,0.05,0.0,0.05,100.0,0.05,0.0,True,True
497,10,good,1,8,0.01,0.5,20,0.15,0.05,0.1,66.67,0.15,0.1,0.05,33.33,0.05,0.0,True,True
498,10,good,1,8,0.05,0.15,20,0.15,0.0,0.15,100.0,0.15,0.15,0.0,0.0,0.0,0.0,True,True
499,10,good,1,8,0.05,0.3,20,0.15,0.0,0.15,100.0,0.15,0.15,0.0,0.0,0.0,0.0,True,True
500,10,good,1,8,0.05,0.5,20,0.1,0.1,0.0,0.0,0.1,0.0,0.1,100.0,0.1,0.0,True,True
501,10,good,1,8,0.1,0.15,20,0.3,0.0,0.3,100.0,0.3,0.3,0.0,0.0,0.0,0.0,True,True
502,10,good,1,8,0.1,0.3,20,0.15,0.05,0.1,66.67,0.15,0.1,0.05,33.33,0.05,0.0,True,True
503,10,good,1,8,0.1,0.5,20,0.3,0.2,0.1,33.33,0.3,0.1,0.2,66.67,0.2,0.0,True,True
504,10,good,1,20,0.01,0.15,20,1.1,0.2,0.9,81.82,1.1,0.9,0.2,18.18,0.2,0.0,True,True
505,10,good,1,20,0.01,0.3,20,0.85,0.3,0.55,64.71,0.85,0.55,0.3,35.29,0.3,0.0,True,True
506,10,good,1,20,0.01,0.5,20,0.9,0.65,0.25,27.78,0.9,0.25,0.65,72.22,0.65,0.0,True,True
507,10,good,1,20,0.05,0.15,20,1.0,0.0,1.0,100.0,1.0,1.0,0.0,0.0,0.0,0.0,True,True
508,10,good,1,20,0.05,0.3,20,1.1,0.45,0.65,59.09,1.1,0.65,0.45,40.91,0.45,0.0,True,True
509,10,good,1,20,0.05,0.5,20,0.8,0.55,0.25,31.25,0.8,0.25,0.55,68.75,0.55,0.0,True,True
510,10,good,1,20,0.1,0.15,20,0.6,0.05,0.55,91.67,0.6,0.55,0.05,8.33,0.05,0.0,True,True
511,10,good,1,20,0.1,0.3,20,0.85,0.3,0.55,64.71,0.85,0.55,0.3,35.29,0.3,0.0,True,True
512,10,good,1,20,0.1,0.5,20,1.55,1.1,0.45,29.03,1.55,0.45,1.1,70.97,1.1,0.0,True,True
513,10,good,5,2,0.01,0.15,20,0.1,0.0,0.1,100.0,0.1,0.1,0.0,0.0,0.0,0.0,True,True
514,10,good,5,2,0.01,0.3,20,0.05,0.0,0.05,100.0,0.05,0.05,0.0,0.0,0.0,0.0,True,True
515,10,good,5,2,0.01,0.5,20,0.05,0.05,0.0,0.0,0.05,0.0,0.05,100.0,0.05,0.0,True,True
516,10,good,5,2,0.05,0.15,20,0.0,0.0,0.0,0.0,0.0,0.0,0.0,0.0,0.0,0.0,True,True
517,10,good,5,2,0.05,0.3,20,0.0,0.0,0.0,0.0,0.0,0.0,0.0,0.0,0.0,0.0,True,True
518,10,good,5,2,0.05,0.5,20,0.0,0.0,0.0,0.0,0.0,0.0,0.0,0.0,0.0,0.0,True,True
519,10,good,5,2,0.1,0.15,20,0.0,0.0,0.0,0.0,0.0,0.0,0.0,0.0,0.0,0.0,True,True
520,10,good,5,2,0.1,0.3,20,0.0,0.0,0.0,0.0,0.0,0.0,0.0,0.0,0.0,0.0,True,True
521,10,good,5,2,0.1,0.5,20,0.05,0.05,0.0,0.0,0.05,0.0,0.05,100.0,0.05,0.0,True,True
522,10,good,5,8,0.01,0.15,20,0.55,0.05,0.5,90.91,0.55,0.5,0.05,9.09,0.05,0.0,True,True
523,10,good,5,8,0.01,0.3,20,0.5,0.05,0.45,90.0,0.5,0.45,0.05,10.0,0.05,0.0,True,True
524,10,good,5,8,0.01,0.5,20,0.35,0.2,0.15,42.86,0.35,0.15,0.2,57.14,0.2,0.0,True,True
525,10,good,5,8,0.05,0.15,20,0.75,0.0,0.75,100.0,0.75,0.75,0.0,0.0,0.0,0.0,True,True
526,10,good,5,8,0.05,0.3,20,0.75,0.2,0.55,73.33,0.75,0.55,0.2,26.67,0.2,0.0,True,True
527,10,good,5,8,0.05,0.5,20,0.9,0.65,0.25,27.78,0.9,0.25,0.65,72.22,0.65,0.0,True,True
528,10,good,5,8,0.1,0.15,20,0.7,0.0,0.7,100.0,0.7,0.7,0.0,0.0,0.0,0.0,True,True
529,10,good,5,8,0.1,0.3,20,0.5,0.2,0.3,60.0,0.5,0.3,0.2,40.0,0.2,0.0,True,True
530,10,good,5,8,0.1,0.5,20,1.35,0.95,0.4,29.63,1.35,0.4,0.95,70.37,0.95,0.0,True,True
531,10,good,5,20,0.01,0.15,20,3.2,0.4,2.8,87.5,3.2,2.8,0.4,12.5,0.4,0.0,True,True
532,10,good,5,20,0.01,0.3,20,3.05,1.1,1.95,63.93,3.05,1.95,1.1,36.07,1.1,0.0,True,True
533,10,good,5,20,0.01,0.5,20,3.6,2.1,1.5,41.67,3.6,1.5,2.1,58.33,2.1,0.0,True,True
534,10,good,5,20,0.05,0.15,20,3.85,0.15,3.7,96.1,3.85,3.7,0.15,3.9,0.15,0.0,True,True
535,10,good,5,20,0.05,0.3,20,3.4,0.95,2.45,72.06,3.4,2.45,0.95,27.94,0.95,0.0,True,True
536,10,good,5,20,0.05,0.5,20,3.8,2.7,1.1,28.95,3.8,1.1,2.7,71.05,2.7,0.0,True,True
537,10,good,5,20,0.1,0.15,20,4.05,0.15,3.9,96.3,4.05,3.9,0.15,3.7,0.15,0.0,True,True
538,10,good,5,20,0.1,0.3,20,2.85,1.0,1.85,64.91,2.85,1.85,1.0,35.09,1.0,0.0,True,True
539,10,good,5,20,0.1,0.5,20,3.5,2.4,1.1,31.43,3.5,1.1,2.4,68.57,2.4,0.0,True,True
540,10,good,15,2,0.01,0.15,20,0.05,0.0,0.05,100.0,0.05,0.05,0.0,0.0,0.0,0.0,True,True
541,10,good,15,2,0.01,0.3,20,0.2,0.2,0.0,0.0,0.2,0.0,0.2,100.0,0.2,0.0,True,True
542,10,good,15,2,0.01,0.5,20,0.1,0.0,0.1,100.0,0.1,0.1,0.0,0.0,0.0,0.0,True,True
543,10,good,15,2,0.05,0.15,20,0.05,0.0,0.05,100.0,0.05,0.05,0.0,0.0,0.0,0.0,True,True
544,10,good,15,2,0.05,0.3,20,0.05,0.05,0.0,0.0,0.05,0.0,0.05,100.0,0.05,0.0,True,True
545,10,good,15,2,0.05,0.5,20,0.05,0.05,0.0,0.0,0.05,0.0,0.05,100.0,0.05,0.0,True,True
546,10,good,15,2,0.1,0.15,20,0.05,0.0,0.05,100.0,0.05,0.05,0.0,0.0,0.0,0.0,True,True
547,10,good,15,2,0.1,0.3,20,0.15,0.1,0.05,33.33,0.15,0.05,0.1,66.67,0.1,0.0,True,True
548,10,good,15,2,0.1,0.5,20,0.2,0.2,0.0,0.0,0.2,0.0,0.2,100.0,0.2,0.0,True,True
549,10,good,15,8,0.01,0.15,20,1.75,0.1,1.65,94.29,1.75,1.65,0.1,5.71,0.1,0.0,True,True
550,10,good,15,8,0.01,0.3,20,1.35,0.4,0.95,70.37,1.35,0.95,0.4,29.63,0.4,0.0,True,True
551,10,good,15,8,0.01,0.5,20,1.85,1.0,0.85,45.95,1.9,0.85,1.05,55.26,1.05,0.0,True,True
552,10,good,15,8,0.05,0.15,20,1.7,0.1,1.6,94.12,1.7,1.6,0.1,5.88,0.1,0.0,True,True
553,10,good,15,8,0.05,0.3,20,1.35,0.3,1.05,77.78,1.35,1.05,0.3,22.22,0.3,0.0,True,True
554,10,good,15,8,0.05,0.5,20,1.55,1.05,0.5,32.26,1.55,0.5,1.05,67.74,1.05,0.0,True,True
555,10,good,15,8,0.1,0.15,20,2.25,0.2,2.05,91.11,2.25,2.05,0.2,8.89,0.2,0.0,True,True
556,10,good,15,8,0.1,0.3,20,1.9,0.65,1.25,65.79,1.9,1.25,0.65,34.21,0.65,0.0,True,True
557,10,good,15,8,0.1,0.5,20,1.65,1.1,0.55,33.33,1.65,0.55,1.1,66.67,1.1,0.0,True,True
558,10,good,15,20,0.01,0.15,20,9.65,0.75,8.9,92.23,9.7,8.95,0.75,7.73,0.75,0.0,True,True
559,10,good,15,20,0.01,0.3,20,9.9,3.2,6.7,67.68,9.9,6.7,3.2,32.32,3.2,0.0,True,True
560,10,good,15,20,0.01,0.5,20,9.95,6.35,3.6,36.18,9.95,3.6,6.35,63.82,6.35,0.0,True,True
561,10,good,15,20,0.05,0.15,20,10.7,0.9,9.8,91.59,10.7,9.8,0.9,8.41,0.9,0.0,True,True
562,10,good,15,20,0.05,0.3,20,8.7,2.35,6.35,72.99,8.7,6.35,2.35,27.01,2.35,0.0,True,True
563,10,good,15,20,0.05,0.5,20,9.8,6.85,2.95,30.1,9.85,3.0,6.85,69.54,6.85,0.0,True,True
564,10,good,15,20,0.1,0.15,20,10.3,1.15,9.15,88.83,10.3,9.15,1.15,11.17,1.15,0.0,True,True
565,10,good,15,20,0.1,0.3,20,9.75,3.1,6.65,68.21,9.8,6.7,3.1,31.63,3.1,0.0,True,True
566,10,good,15,20,0.1,0.5,20,10.05,7.15,2.9,28.86,10.15,2.9,7.25,71.43,7.25,0.0,True,True
567,10,moderate,1,2,0.01,0.15,20,0.1,0.0,0.1,100.0,0.1,0.1,0.0,0.0,0.0,0.0,True,True
568,10,moderate,1,2,0.01,0.3,20,0.15,0.15,0.0,0.0,0.15,0.0,0.15,100.0,0.15,0.0,True,True
569,10,moderate,1,2,0.01,0.5,20,0.15,0.05,0.1,66.67,0.15,0.1,0.05,33.33,0.05,0.0,True,True
570,10,moderate,1,2,0.05,0.15,20,0.15,0.05,0.1,66.67,0.15,0.1,0.05,33.33,0.05,0.0,True,True
571,10,moderate,1,2,0.05,0.3,20,0.1,0.05,0.05,50.0,0.1,0.05,0.05,50.0,0.05,0.0,True,True
572,10,moderate,1,2,0.05,0.5,20,0.2,0.05,0.15,75.0,0.2,0.15,0.05,25.0,0.05,0.0,True,True
573,10,moderate,1,2,0.1,0.15,20,0.15,0.05,0.1,66.67,0.15,0.1,0.05,33.33,0.05,0.0,True,True
574,10,moderate,1,2,0.1,0.3,20,0.25,0.05,0.2,80.0,0.25,0.2,0.05,20.0,0.05,0.0,True,True
575,10,moderate,1,2,0.1,0.5,20,0.1,0.0,0.1,100.0,0.1,0.1,0.0,0.0,0.0,0.0,True,True
576,10,moderate,1,8,0.01,0.15,20,1.3,0.0,1.3,100.0,1.3,1.3,0.0,0.0,0.0,0.0,True,True
577,10,moderate,1,8,0.01,0.3,20,0.85,0.15,0.7,82.35,0.85,0.7,0.15,17.65,0.15,0.0,True,True
578,10,moderate,1,8,0.01,0.5,20,1.3,0.9,0.4,30.77,1.3,0.4,0.9,69.23,0.9,0.0,True,True
579,10,moderate,1,8,0.05,0.15,20,1.4,0.1,1.3,92.86,1.4,1.3,0.1,7.14,0.1,0.0,True,True
580,10,moderate,1,8,0.05,0.3,20,0.85,0.25,0.6,70.59,0.85,0.6,0.25,29.41,0.25,0.0,True,True
581,10,moderate,1,8,0.05,0.5,20,0.95,0.6,0.35,36.84,0.95,0.35,0.6,63.16,0.6,0.0,True,True
582,10,moderate,1,8,0.1,0.15,20,1.35,0.15,1.2,88.89,1.35,1.2,0.15,11.11,0.15,0.0,True,True
583,10,moderate,1,8,0.1,0.3,20,0.95,0.2,0.75,78.95,0.95,0.75,0.2,21.05,0.2,0.0,True,True
584,10,moderate,1,8,0.1,0.5,20,1.15,0.75,0.4,34.78,1.15,0.4,0.75,65.22,0.75,0.0,True,True
585,10,moderate,1,20,0.01,0.15,20,6.1,0.55,5.55,90.98,6.1,5.55,0.55,9.02,0.55,0.0,True,True
586,10,moderate,1,20,0.01,0.3,20,5.45,1.65,3.8,69.72,5.45,3.8,1.65,30.28,1.65,0.0,True,True
587,10,moderate,1,20,0.01,0.5,20,5.9,3.95,1.95,33.05,5.9,1.95,3.95,66.95,3.95,0.0,True,True
588,10,moderate,1,20,0.05,0.15,20,6.75,0.4,6.35,94.07,6.75,6.35,0.4,5.93,0.4,0.0,True,True
589,10,moderate,1,20,0.05,0.3,20,6.8,1.45,5.35,78.68,6.8,5.35,1.45,21.32,1.45,0.0,True,True
590,10,moderate,1,20,0.05,0.5,20,8.45,4.7,3.75,44.38,8.45,3.75,4.7,55.62,4.7,0.0,True,True
591,10,moderate,1,20,0.1,0.15,20,5.8,0.25,5.55,95.69,5.8,5.55,0.25,4.31,0.25,0.0,True,True
592,10,moderate,1,20,0.1,0.3,20,6.2,2.1,4.1,66.13,6.2,4.1,2.1,33.87,2.1,0.0,True,True
593,10,moderate,1,20,0.1,0.5,20,6.25,4.25,2.0,32.0,6.25,2.0,4.25,68.0,4.25,0.0,True,True
594,10,moderate,5,2,0.01,0.15,20,0.15,0.0,0.15,100.0,0.15,0.15,0.0,0.0,0.0,0.0,True,True
595,10,moderate,5,2,0.01,0.3,20,0.05,0.05,0.0,0.0,0.05,0.0,0.05,100.0,0.05,0.0,True,True
596,10,moderate,5,2,0.01,0.5,20,0.05,0.05,0.0,0.0,0.05,0.0,0.05,100.0,0.05,0.0,True,True
597,10,moderate,5,2,0.05,0.15,20,0.1,0.0,0.1,100.0,0.1,0.1,0.0,0.0,0.0,0.0,True,True
598,10,moderate,5,2,0.05,0.3,20,0.2,0.1,0.1,50.0,0.2,0.1,0.1,50.0,0.1,0.0,True,True
599,10,moderate,5,2,0.05,0.5,20,0.15,0.05,0.1,66.67,0.15,0.1,0.05,33.33,0.05,0.0,True,True
600,10,moderate,5,2,0.1,0.15,20,0.05,0.0,0.05,100.0,0.05,0.05,0.0,0.0,0.0,0.0,True,True
601,10,moderate,5,2,0.1,0.3,20,0.1,0.05,0.05,50.0,0.1,0.05,0.05,50.0,0.05,0.0,True,True
602,10,moderate,5,2,0.1,0.5,20,0.15,0.1,0.05,33.33,0.15,0.05,0.1,66.67,0.1,0.0,True,True
603,10,moderate,5,8,0.01,0.15,20,1.45,0.1,1.35,93.1,1.45,1.35,0.1,6.9,0.1,0.0,True,True
604,10,moderate,5,8,0.01,0.3,20,1.9,0.7,1.2,63.16,1.9,1.2,0.7,36.84,0.7,0.0,True,True
605,10,moderate,5,8,0.01,0.5,20,2.45,1.45,1.0,40.82,2.45,1.0,1.45,59.18,1.45,0.0,True,True
606,10,moderate,5,8,0.05,0.15,20,1.5,0.1,1.4,93.33,1.5,1.4,0.1,6.67,0.1,0.0,True,True
607,10,moderate,5,8,0.05,0.3,20,1.5,0.4,1.1,73.33,1.5,1.1,0.4,26.67,0.4,0.0,True,True
608,10,moderate,5,8,0.05,0.5,20,1.5,0.95,0.55,36.67,1.5,0.55,0.95,63.33,0.95,0.0,True,True
609,10,moderate,5,8,0.1,0.15,20,1.8,0.05,1.75,97.22,1.8,1.75,0.05,2.78,0.05,0.0,True,True
610,10,moderate,5,8,0.1,0.3,20,1.45,0.45,1.0,68.97,1.45,1.0,0.45,31.03,0.45,0.0,True,True
611,10,moderate,5,8,0.1,0.5,20,1.55,1.0,0.55,35.48,1.55,0.55,1.0,64.52,1.0,0.0,True,True
612,10,moderate,5,20,0.01,0.15,20,8.7,0.65,8.05,92.53,8.75,8.1,0.65,7.43,0.65,0.0,True,True
613,10,moderate,5,20,0.01,0.3,20,8.2,2.55,5.65,68.9,8.2,5.65,2.55,31.1,2.55,0.0,True,True
614,10,moderate,5,20,0.01,0.5,20,9.9,7.1,2.8,28.28,9.9,2.8,7.1,71.72,7.1,0.0,True,True
615,10,moderate,5,20,0.05,0.15,20,8.6,0.75,7.85,91.28,8.6,7.85,0.75,8.72,0.75,0.0,True,True
616,10,moderate,5,20,0.05,0.3,20,8.95,2.6,6.35,70.95,8.95,6.35,2.6,29.05,2.6,0.0,True,True
617,10,moderate,5,20,0.05,0.5,20,9.15,6.15,3.0,32.79,9.15,3.0,6.15,67.21,6.15,0.0,True,True
618,10,moderate,5,20,0.1,0.15,20,10.1,0.65,9.45,93.56,10.15,9.5,0.65,6.4,0.65,0.0,True,True
619,10,moderate,5,20,0.1,0.3,20,9.0,2.8,6.2,68.89,9.0,6.2,2.8,31.11,2.8,0.0,True,True
620,10,moderate,5,20,0.1,0.5,20,10.0,7.1,2.9,29.0,10.05,2.95,7.1,70.65,7.1,0.0,True,True
621,10,moderate,15,2,0.01,0.15,20,0.15,0.0,0.15,100.0,0.15,0.15,0.0,0.0,0.0,0.0,True,True
622,10,moderate,15,2,0.01,0.3,20,0.1,0.0,0.1,100.0,0.1,0.1,0.0,0.0,0.0,0.0,True,True
623,10,moderate,15,2,0.01,0.5,20,0.3,0.2,0.1,33.33,0.3,0.1,0.2,66.67,0.2,0.0,True,True
624,10,moderate,15,2,0.05,0.15,20,0.05,0.0,0.05,100.0,0.05,0.05,0.0,0.0,0.0,0.0,True,True
625,10,moderate,15,2,0.05,0.3,20,0.35,0.1,0.25,71.43,0.35,0.25,0.1,28.57,0.1,0.0,True,True
626,10,moderate,15,2,0.05,0.5,20,0.3,0.25,0.05,16.67,0.3,0.05,0.25,83.33,0.25,0.0,True,True
627,10,moderate,15,2,0.1,0.15,20,0.2,0.0,0.2,100.0,0.2,0.2,0.0,0.0,0.0,0.0,True,True
628,10,moderate,15,2,0.1,0.3,20,0.15,0.0,0.15,100.0,0.2,0.2,0.0,0.0,0.0,0.0,True,True
629,10,moderate,15,2,0.1,0.5,20,0.25,0.2,0.05,20.0,0.25,0.05,0.2,80.0,0.2,0.0,True,True
630,10,moderate,15,8,0.01,0.15,20,2.45,0.05,2.4,97.96,2.45,2.4,0.05,2.04,0.05,0.0,True,True
631,10,moderate,15,8,0.01,0.3,20,2.75,0.75,2.0,72.73,2.75,2.0,0.75,27.27,0.75,0.0,True,True
632,10,moderate,15,8,0.01,0.5,20,3.0,1.55,1.45,48.33,3.0,1.45,1.55,51.67,1.55,0.0,True,True
633,10,moderate,15,8,0.05,0.15,20,2.6,0.25,2.35,90.38,2.65,2.4,0.25,9.43,0.25,0.0,True,True
634,10,moderate,15,8,0.05,0.3,20,2.35,0.8,1.55,65.96,2.35,1.55,0.8,34.04,0.8,0.0,True,True
635,10,moderate,15,8,0.05,0.5,20,2.95,1.8,1.15,38.98,2.95,1.15,1.8,61.02,1.8,0.0,True,True
636,10,moderate,15,8,0.1,0.15,20,3.05,0.25,2.8,91.8,3.1,2.85,0.25,8.06,0.25,0.0,True,True
637,10,moderate,15,8,0.1,0.3,20,2.45,0.6,1.85,75.51,2.45,1.85,0.6,24.49,0.6,0.0,True,True
638,10,moderate,15,8,0.1,0.5,20,3.1,2.3,0.8,25.81,3.1,0.8,2.3,74.19,2.3,0.0,True,True
639,10,moderate,15,20,0.01,0.15,20,14.25,1.05,13.2,92.63,14.3,13.25,1.05,7.34,1.05,0.0,True,True
640,10,moderate,15,20,0.01,0.3,20,14.05,3.65,10.4,74.02,14.2,10.55,3.65,25.7,3.65,0.0,True,True
641,10,moderate,15,20,0.01,0.5,20,15.6,10.4,5.2,33.33,15.7,5.25,10.45,66.56,10.45,0.0,True,True
642,10,moderate,15,20,0.05,0.15,20,14.8,1.0,13.8,93.24,14.85,13.85,1.0,6.73,1.0,0.0,True,True
643,10,moderate,15,20,0.05,0.3,20,13.8,4.55,9.25,67.03,13.85,9.25,4.6,33.21,4.6,0.0,True,True
644,10,moderate,15,20,0.05,0.5,20,16.1,9.35,6.75,41.93,16.2,6.75,9.45,58.33,9.45,0.0,True,True
645,10,moderate,15,20,0.1,0.15,20,17.3,1.3,16.0,92.49,17.6,16.3,1.3,7.39,1.3,0.0,True,True
646,10,moderate,15,20,0.1,0.3,20,15.15,5.3,9.85,65.02,15.15,9.85,5.3,34.98,5.3,0.0,True,True
647,10,moderate,15,20,0.1,0.5,20,17.5,11.35,6.15,35.14,17.6,6.15,11.45,65.06,11.45,0.0,True,True
648,10,poor,1,2,0.01,0.15,20,0.6,0.0,0.6,100.0,0.6,0.6,0.0,0.0,0.0,0.0,True,True
649,10,poor,1,2,0.01,0.3,20,0.35,0.1,0.25,71.43,0.35,0.25,0.1,28.57,0.1,0.0,True,True
650,10,poor,1,2,0.01,0.5,20,0.5,0.35,0.15,30.0,0.5,0.15,0.35,70.0,0.35,0.0,True,True
651,10,poor,1,2,0.05,0.15,20,0.25,0.0,0.25,100.0,0.25,0.25,0.0,0.0,0.0,0.0,True,True
652,10,poor,1,2,0.05,0.3,20,0.5,0.15,0.35,70.0,0.5,0.35,0.15,30.0,0.15,0.0,True,True
653,10,poor,1,2,0.05,0.5,20,0.15,0.1,0.05,33.33,0.15,0.05,0.1,66.67,0.1,0.0,True,True
654,10,poor,1,2,0.1,0.15,20,0.25,0.05,0.2,80.0,0.25,0.2,0.05,20.0,0.05,0.0,True,True
655,10,poor,1,2,0.1,0.3,20,0.6,0.3,0.3,50.0,0.6,0.3,0.3,50.0,0.3,0.0,True,True
656,10,poor,1,2,0.1,0.5,20,0.35,0.3,0.05,14.29,0.35,0.05,0.3,85.71,0.3,0.0,True,True
657,10,poor,1,8,0.01,0.15,20,3.1,0.3,2.8,90.32,3.1,2.8,0.3,9.68,0.3,0.0,True,True
658,10,poor,1,8,0.01,0.3,20,2.75,0.7,2.05,74.55,2.8,2.1,0.7,25.0,0.7,0.0,True,True
659,10,poor,1,8,0.01,0.5,20,3.85,2.75,1.1,28.57,3.85,1.1,2.75,71.43,2.75,0.0,True,True
660,10,poor,1,8,0.05,0.15,20,2.9,0.3,2.6,89.66,2.9,2.6,0.3,10.34,0.3,0.0,True,True
661,10,poor,1,8,0.05,0.3,20,3.0,0.85,2.15,71.67,3.05,2.15,0.9,29.51,0.9,0.0,True,True
662,10,poor,1,8,0.05,0.5,20,3.7,2.85,0.85,22.97,3.7,0.85,2.85,77.03,2.85,0.0,True,True
663,10,poor,1,8,0.1,0.15,20,4.15,0.45,3.7,89.16,4.2,3.75,0.45,10.71,0.45,0.0,True,True
664,10,poor,1,8,0.1,0.3,20,3.7,1.1,2.6,70.27,3.7,2.6,1.1,29.73,1.1,0.0,True,True
665,10,poor,1,8,0.1,0.5,20,4.6,2.75,1.85,40.22,4.6,1.85,2.75,59.78,2.75,0.0,True,True
666,10,poor,1,20,0.01,0.15,20,18.95,1.55,17.4,91.82,19.15,17.6,1.55,8.09,1.55,0.0,True,True
667,10,poor,1,20,0.01,0.3,20,19.2,5.85,13.35,69.53,19.25,13.4,5.85,30.39,5.85,0.0,True,True
668,10,poor,1,20,0.01,0.5,20,20.8,13.85,6.95,33.41,20.85,6.95,13.9,66.67,13.9,0.0,True,True
669,10,poor,1,20,0.05,0.15,20,18.35,1.35,17.0,92.64,18.45,17.1,1.35,7.32,1.35,0.0,True,True
670,10,poor,1,20,0.05,0.3,20,21.7,6.5,15.2,70.05,21.9,15.35,6.55,29.91,6.55,0.0,True,True
671,10,poor,1,20,0.05,0.5,20,20.75,13.1,7.65,36.87,20.9,7.8,13.1,62.68,13.1,0.0,True,True
672,10,poor,1,20,0.1,0.15,20,18.5,1.5,17.0,91.89,18.5,17.0,1.5,8.11,1.5,0.0,True,True
673,10,poor,1,20,0.1,0.3,20,17.75,5.75,12.0,67.61,17.85,12.1,5.75,32.21,5.75,0.0,True,True
674,10,poor,1,20,0.1,0.5,20,18.35,11.4,6.95,37.87,18.35,6.95,11.4,62.13,11.4,0.0,True,True
675,10,poor,5,2,0.01,0.15,20,0.35,0.0,0.35,100.0,0.35,0.35,0.0,0.0,0.0,0.0,True,True
676,10,poor,5,2,0.01,0.3,20,0.25,0.0,0.25,100.0,0.25,0.25,0.0,0.0,0.0,0.0,True,True
677,10,poor,5,2,0.01,0.5,20,0.45,0.35,0.1,22.22,0.45,0.1,0.35,77.78,0.35,0.0,True,True
678,10,poor,5,2,0.05,0.15,20,0.5,0.15,0.35,70.0,0.5,0.35,0.15,30.0,0.15,0.0,True,True
679,10,poor,5,2,0.05,0.3,20,0.2,0.0,0.2,100.0,0.2,0.2,0.0,0.0,0.0,0.0,True,True
680,10,poor,5,2,0.05,0.5,20,0.3,0.2,0.1,33.33,0.3,0.1,0.2,66.67,0.2,0.0,True,True
681,10,poor,5,2,0.1,0.15,20,0.4,0.05,0.35,87.5,0.4,0.35,0.05,12.5,0.05,0.0,True,True
682,10,poor,5,2,0.1,0.3,20,0.55,0.2,0.35,63.64,0.55,0.35,0.2,36.36,0.2,0.0,True,True
683,10,poor,5,2,0.1,0.5,20,0.6,0.3,0.3,50.0,0.6,0.3,0.3,50.0,0.3,0.0,True,True
684,10,poor,5,8,0.01,0.15,20,4.45,0.3,4.15,93.26,4.45,4.15,0.3,6.74,0.3,0.0,True,True
685,10,poor,5,8,0.01,0.3,20,3.95,1.05,2.9,73.42,3.95,2.9,1.05,26.58,1.05,0.0,True,True
686,10,poor,5,8,0.01,0.5,20,4.45,3.2,1.25,28.09,4.45,1.25,3.2,71.91,3.2,0.0,True,True
687,10,poor,5,8,0.05,0.15,20,5.6,0.2,5.4,96.43,5.6,5.4,0.2,3.57,0.2,0.0,True,True
688,10,poor,5,8,0.05,0.3,20,4.7,1.05,3.65,77.66,4.7,3.65,1.05,22.34,1.05,0.0,True,True
689,10,poor,5,8,0.05,0.5,20,5.15,3.4,1.75,33.98,5.15,1.75,3.4,66.02,3.4,0.0,True,True
690,10,poor,5,8,0.1,0.15,20,4.75,0.25,4.5,94.74,4.75,4.5,0.25,5.26,0.25,0.0,True,True
691,10,poor,5,8,0.1,0.3,20,3.35,1.2,2.15,64.18,3.35,2.15,1.2,35.82,1.2,0.0,True,True
692,10,poor,5,8,0.1,0.5,20,4.1,2.55,1.55,37.8,4.15,1.55,2.6,62.65,2.6,0.0,True,True
693,10,poor,5,20,0.01,0.15,20,20.75,1.7,19.05,91.81,20.9,19.2,1.7,8.13,1.7,0.0,True,True
694,10,poor,5,20,0.01,0.3,20,20.85,6.65,14.2,68.11,21.05,14.4,6.65,31.59,6.65,0.0,True,True
695,10,poor,5,20,0.01,0.5,20,21.4,14.6,6.8,31.78,21.65,6.8,14.85,68.59,14.85,0.0,True,True
696,10,poor,5,20,0.05,0.15,20,23.75,1.7,22.05,92.84,23.95,22.25,1.7,7.1,1.7,0.0,True,True
697,10,poor,5,20,0.05,0.3,20,19.3,5.6,13.7,70.98,19.35,13.75,5.6,28.94,5.6,0.0,True,True
698,10,poor,5,20,0.05,0.5,20,20.95,13.2,7.75,36.99,21.0,7.75,13.25,63.1,13.25,0.0,True,True
699,10,poor,5,20,0.1,0.15,20,21.1,2.2,18.9,89.57,21.15,18.95,2.2,10.4,2.2,0.0,True,True
700,10,poor,5,20,0.1,0.3,20,20.25,5.7,14.55,71.85,20.45,14.75,5.7,27.87,5.7,0.0,True,True
701,10,poor,5,20,0.1,0.5,20,21.85,14.15,7.7,35.24,21.95,7.75,14.2,64.69,14.2,0.0,True,True
702,10,poor,15,2,0.01,0.15,20,0.45,0.05,0.4,88.89,0.45,0.4,0.05,11.11,0.05,0.0,True,True
703,10,poor,15,2,0.01,0.3,20,0.4,0.15,0.25,62.5,0.4,0.25,0.15,37.5,0.15,0.0,True,True
704,10,poor,15,2,0.01,0.5,20,0.4,0.25,0.15,37.5,0.4,0.15,0.25,62.5,0.25,0.0,True,True
705,10,poor,15,2,0.05,0.15,20,0.4,0.0,0.4,100.0,0.4,0.4,0.0,0.0,0.0,0.0,True,True
706,10,poor,15,2,0.05,0.3,20,0.65,0.15,0.5,76.92,0.65,0.5,0.15,23.08,0.15,0.0,True,True
707,10,poor,15,2,0.05,0.5,20,0.6,0.35,0.25,41.67,0.6,0.25,0.35,58.33,0.35,0.0,True,True
708,10,poor,15,2,0.1,0.15,20,0.95,0.0,0.95,100.0,0.95,0.95,0.0,0.0,0.0,0.0,True,True
709,10,poor,15,2,0.1,0.3,20,0.7,0.05,0.65,92.86,0.7,0.65,0.05,7.14,0.05,0.0,True,True
710,10,poor,15,2,0.1,0.5,20,0.5,0.45,0.05,10.0,0.5,0.05,0.45,90.0,0.45,0.0,True,True
711,10,poor,15,8,0.01,0.15,20,4.9,0.35,4.55,92.86,4.9,4.55,0.35,7.14,0.35,0.0,True,True
712,10,poor,15,8,0.01,0.3,20,3.9,1.3,2.6,66.67,3.9,2.6,1.3,33.33,1.3,0.0,True,True
713,10,poor,15,8,0.01,0.5,20,5.4,3.9,1.5,27.78,5.5,1.55,3.95,71.82,3.95,0.0,True,True
714,10,poor,15,8,0.05,0.15,20,5.9,0.6,5.3,89.83,5.9,5.3,0.6,10.17,0.6,0.0,True,True
715,10,poor,15,8,0.05,0.3,20,4.7,1.6,3.1,65.96,4.7,3.1,1.6,34.04,1.6,0.0,True,True
716,10,poor,15,8,0.05,0.5,20,5.65,3.9,1.75,30.97,5.65,1.75,3.9,69.03,3.9,0.0,True,True
717,10,poor,15,8,0.1,0.15,20,5.7,0.55,5.15,90.35,5.7,5.15,0.55,9.65,0.55,0.0,True,True
718,10,poor,15,8,0.1,0.3,20,5.4,2.0,3.4,62.96,5.45,3.4,2.05,37.61,2.05,0.0,True,True
719,10,poor,15,8,0.1,0.5,20,8.1,5.2,2.9,35.8,8.2,2.9,5.3,64.63,5.3,0.0,True,True
720,10,poor,15,20,0.01,0.15,20,28.7,2.5,26.2,91.29,29.25,26.75,2.5,8.55,2.5,0.0,True,True
721,10,poor,15,20,0.01,0.3,20,25.05,7.95,17.1,68.26,25.4,17.35,8.05,31.69,8.05,0.0,True,True
722,10,poor,15,20,0.01,0.5,20,25.5,15.5,10.0,39.22,25.95,10.15,15.8,60.89,15.8,0.0,True,True
723,10,poor,15,20,0.05,0.15,20,23.3,1.85,21.45,92.06,23.55,21.7,1.85,7.86,1.85,0.0,True,True
724,10,poor,15,20,0.05,0.3,20,22.95,6.2,16.75,72.98,23.15,16.95,6.2,26.78,6.2,0.0,True,True
725,10,poor,15,20,0.05,0.5,20,29.4,19.15,10.25,34.86,29.75,10.35,19.4,65.21,19.4,0.0,True,True
726,10,poor,15,20,0.1,0.15,20,25.35,1.9,23.45,92.5,25.4,23.5,1.9,7.48,1.9,0.0,True,True
727,10,poor,15,20,0.1,0.3,20,25.85,8.2,17.65,68.28,26.0,17.75,8.25,31.73,8.25,0.0,True,True
728,10,poor,15,20,0.1,0.5,20,29.75,18.5,11.25,37.82,30.1,11.3,18.8,62.46,18.8,0.0,True,True
